SET session_replication_role = replica;

--
-- PostgreSQL database dump
--

-- Dumped from database version 15.1 (Ubuntu 15.1-1.pgdg20.04+1)
-- Dumped by pg_dump version 15.6

SET statement_timeout = 0;
SET lock_timeout = 0;
SET idle_in_transaction_session_timeout = 0;
SET client_encoding = 'UTF8';
SET standard_conforming_strings = on;
SELECT pg_catalog.set_config('search_path', '', false);
SET check_function_bodies = false;
SET xmloption = content;
SET client_min_messages = warning;
SET row_security = off;

--
-- Data for Name: profiles; Type: TABLE DATA; Schema: public; Owner: postgres
--

INSERT INTO "public"."profiles" ("id", "updated_at", "avatar_url", "website", "full_name") VALUES
	('77c70a9f-c6ac-4e59-9e35-530b63fe14b4', '2024-07-22 14:50:48.275817+00', 'https://lh3.googleusercontent.com/a/ACg8ocLB_YZfxD205UOeYcS3AO3OTio1OZoRU0AvzQqhGgiBr2UKdw=s96-c', NULL, 'Nuage Laboratoire'),
	('e3d790d0-9ff3-425e-9c55-7e5cc7eda1bb', '2024-09-05 13:18:13.458139+00', NULL, NULL, 'uu@gmail.com'),
	('83dad355-6061-47fb-8537-16105dda3c8e', '2024-10-11 17:23:20.296567+00', 'https://api.manazl.site/storage/v1/object/public/images/83dad355-6061-47fb-8537-16105dda3c8e/avatar/avatar.png?time=2024-10-11T19:51:49.336Z', NULL, 'mohammed'),
	('c5e1a434-ea12-4b3a-bc04-81f95d7ed762', '2024-07-22 16:54:11.884553+00', NULL, NULL, 'AAAlhajri'),
	('03f88e02-4838-41fc-8c20-e441d1f1c910', '2024-07-12 12:53:58.020942+00', 'https://lh3.googleusercontent.com/a/ACg8ocJZSPEGJ5L3ZrUUiQ9-i8jWme7QE5ud5h4yzj6fFwJPUadZaQ=s96-c', NULL, 'mubarak saeed'),
	('cf5a9a3e-b219-4d21-8f67-3175d7d862ca', '2024-07-05 12:01:09.675434+00', 'https://api.manazl.site/storage/v1/object/public/images/cf5a9a3e-b219-4d21-8f67-3175d7d862ca/avatar/avatar.png?time=2024-11-28T07:07:52.102Z', NULL, 'said said'),
	('1e6f5985-1336-4be5-9209-dbdff6437c92', '2024-10-14 20:10:36.607356+00', NULL, NULL, NULL),
	('5b1ce0be-7498-4988-a6f9-af6125a5ab56', '2024-11-03 16:35:09.537556+00', NULL, NULL, 'alhajri salim'),
	('d076dce6-60e8-4b75-abc3-ec073399fb0e', '2024-10-10 18:34:35.567759+00', NULL, NULL, 'd@d.com'),
	('08f133b4-132d-4165-8a30-5ca7127a4b04', '2024-10-11 13:21:00.157367+00', 'https://lh3.googleusercontent.com/a/ACg8ocI4NcHFYS60svnbHKgxjIO8Kn3GvLvDVbU-T-RWrSFgyhbU1A=s96-c', NULL, 'said alhajri'),
	('25ce0552-2e8d-4f14-88d1-9c22d6b5a9f9', '2024-10-10 19:19:50.048689+00', NULL, NULL, 'sssssssssss'),
	('de563068-ade7-4333-92e2-dd4b0b00dc23', '2024-10-11 17:42:32.95911+00', 'https://api.manazl.site/storage/v1/object/public/images/de563068-ade7-4333-92e2-dd4b0b00dc23/avatar/avatar.png?time=2024-10-11T17:43:13.432Z', NULL, 'Ali ahmed'),
	('2405a820-aa06-4a20-9e00-0df820e64eab', '2024-11-03 19:01:34.651873+00', NULL, NULL, 'saif saod'),
	('1525f997-3ac3-4e17-94df-28398accbb00', '2024-10-11 12:25:43.593191+00', NULL, NULL, 'ahmed'),
	('ddd66ca7-7abe-4e0c-877b-949342e4a586', '2024-10-10 18:39:58.392168+00', NULL, NULL, 'salim');


--
-- Data for Name: listings; Type: TABLE DATA; Schema: public; Owner: postgres
--

INSERT INTO "public"."listings" ("id", "created_at", "user_id", "title", "description", "images", "tags", "thumbnail", "meta", "fts", "approved", "active", "featured", "rating", "type", "amenities", "geo_location", "categories", "lat", "lng", "address", "likes") VALUES
	(12, '2024-10-11 18:04:15.597125+00', '1e6f5985-1336-4be5-9209-dbdff6437c92', 'شاليهات رمال بديه', 'شاليهات رمال بديه هي وجهة رائعة للاسترخاء والاستمتاع بالطبيعة في قلب رمال بديه الساحرة. تقع الشاليهات في منطقة هادئة بين الكثبان الرملية الذهبية التي تمتد على مد النظر، مما يوفر لك تجربة فريدة للهروب من صخب الحياة اليومية. تتميز الشاليهات بتصميمها العصري الأنيق ووسائل الراحة المتكاملة لتلبية كافة احتياجاتك.

يُمكنك الاستمتاع بإقامة مريحة في أجواء هادئة مع إطلالات خلابة على الرمال. سواء كنت تبحث عن قضاء وقت ممتع مع العائلة أو الأصدقاء، ', '{https://api.manazl.site/storage/v1/object/public/images/83dad355-6061-47fb-8537-16105dda3c8e/listing/2024-10-11T18:02:04.028Z.jpeg,https://api.manazl.site/storage/v1/object/public/images/83dad355-6061-47fb-8537-16105dda3c8e/listing/2024-10-11T19:46:04.884Z.jpeg,https://api.manazl.site/storage/v1/object/public/images/83dad355-6061-47fb-8537-16105dda3c8e/listing/2024-10-11T19:46:04.885Z.jpeg}', '{}', 'https://api.manazl.site/storage/v1/object/public/images/83dad355-6061-47fb-8537-16105dda3c8e/listing/2024-10-11T18:02:04.028Z.jpeg', '{}', 'شاليهات رمال بديه هي وجهة رائعة للاسترخاء والاستمتاع بالطبيعة في قلب رمال بديه الساحرة. تقع الشاليهات في منطقة هادئة بين الكثبان الرملية الذهبية التي تمتد على مد النظر، مما يوفر لك تجربة فريدة للهروب من صخب الحياة اليومية. تتميز الشاليهات بتصميمها العصري الأنيق ووسائل الراحة المتكاملة لتلبية كافة احتياجاتك.

يُمكنك الاستمتاع بإقامة مريحة في أجواء هادئة مع إطلالات خلابة على الرمال. سواء كنت تبحث عن قضاء وقت ممتع مع العائلة أو الأصدقاء،  شاليهات رمال بديه ', true, true, false, 0, 'villa', '{TV,Kitchen,"Free parking","Air conditioning",Pool,"BBQ grill"}', '0101000020E610000005000080E0634D401BDA770541543640', '{}', 22.3291171472175, 58.7802886962891, '{"city": "Al Hawiyah", "state": "Ash Sharqiyah North Governorate", "country": "Oman"}', 1),
	(7, '2024-09-05 19:44:12.904642+00', '08f133b4-132d-4165-8a30-5ca7127a4b04', 'مخيم الحوية السياحي', 'Nestled in the heart of downtown, this cozy 2-bedroom apartment offers stunning views of the city skyline. Perfect for small families or young professionals, it features a modern kitchen, spacious living area, and floor-to-ceiling windows. Enjoy easy access to cafes, shops, and public transportation, making city life convenient and exciting. Includes high-speed Wi-Fi and parking.', '{https://api.manazl.site/storage/v1/object/public/images/cf5a9a3e-b219-4d21-8f67-3175d7d862ca/listing/2024-10-12T17:20:10.265Z.jpeg,https://api.manazl.site/storage/v1/object/public/images/cf5a9a3e-b219-4d21-8f67-3175d7d862ca/listing/2024-10-12T17:20:33.557Z.jpeg}', '{حلم}', 'https://api.manazl.site/storage/v1/object/public/images/cf5a9a3e-b219-4d21-8f67-3175d7d862ca/listing/2024-10-12T17:20:10.265Z.jpeg', '{"placepolicy": ""}', 'Nestled in the heart of downtown, this cozy 2-bedroom apartment offers stunning views of the city skyline. Perfect for small families or young professionals, it features a modern kitchen, spacious living area, and floor-to-ceiling windows. Enjoy easy access to cafes, shops, and public transportation, making city life convenient and exciting. Includes high-speed Wi-Fi and parking. مخيم الحوية السياحي حلم', true, true, false, 0, 'camp', '{Kitchen,AC,wifi,pool,Patio,"Outdoor dining area","Free parking","Air conditioning",TV,Ski-in/Ski-out,Gym,Pool,"First aid kit","Paid parking","Dedicated workspace",Washer,"Hot tub","BBQ grill","Smoke alarm","Beach access","Fire pit"}', '0101000020E6100000FDFFFF5F91694D409E8787BE65623640', '{}', 22.3843649941333, 58.8247489929199, '{"city": "Al Hawiyah", "state": "Ash Sharqiyah North Governorate", "country": "Oman"}', 1),
	(3, '2024-07-05 12:01:57.312436+00', '83dad355-6061-47fb-8537-16105dda3c8e', 'فندق الاحلام', 'فندق gggggggggggggggggggggg', '{https://api.manazl.site/storage/v1/object/public/images/83dad355-6061-47fb-8537-16105dda3c8e/listing/2024-10-11T18:02:04.028Z.jpeg,https://api.manazl.site/storage/v1/object/public/images/83dad355-6061-47fb-8537-16105dda3c8e/listing/2024-10-11T19:46:04.884Z.jpeg,https://api.manazl.site/storage/v1/object/public/images/83dad355-6061-47fb-8537-16105dda3c8e/listing/2024-10-11T19:46:04.885Z.jpeg,https://api.manazl.site/storage/v1/object/public/images/83dad355-6061-47fb-8537-16105dda3c8e/listing/2024-10-13T14:58:20.326Z0.png,https://api.manazl.site/storage/v1/object/public/images/83dad355-6061-47fb-8537-16105dda3c8e/listing/2024-10-13T14:58:20.328Z1.png,https://api.manazl.site/storage/v1/object/public/images/83dad355-6061-47fb-8537-16105dda3c8e/listing/2024-10-13T14:58:20.329Z2.png,https://api.manazl.site/storage/v1/object/public/images/83dad355-6061-47fb-8537-16105dda3c8e/listing/2024-10-13T14:58:20.329Z3.png,https://api.manazl.site/storage/v1/object/public/images/83dad355-6061-47fb-8537-16105dda3c8e/listing/2024-10-13T14:58:20.330Z4.png}', '{}', 'https://api.manazl.site/storage/v1/object/public/images/83dad355-6061-47fb-8537-16105dda3c8e/listing/2024-10-11T18:02:04.028Z.jpeg', '{"cost": 1044}', 'فندق gggggggggggggggggggggg فندق الاحلام ', true, true, false, 0, 'room', '{Iron,AC,Wifi}', '0101000020E6100000F9FFFFFF990C4D40FAFFFF1F0B693740', '{camps,hotels}', 23.4103260040283, 58.0984497070312, '{"city": "الفرفارة", "state": "محافظة الداخلية", "country": "Oman"}', 1),
	(10, '2024-10-11 17:47:42.313172+00', 'cf5a9a3e-b219-4d21-8f67-3175d7d862ca', 'Camel Desert camps', 'Beautifully place in middle of the sand .', '{https://api.manazl.site/storage/v1/object/public/images/cf5a9a3e-b219-4d21-8f67-3175d7d862ca/listing/2024-10-12T17:20:10.265Z.jpeg,https://api.manazl.site/storage/v1/object/public/images/cf5a9a3e-b219-4d21-8f67-3175d7d862ca/listing/2024-10-12T17:20:33.557Z.jpeg,https://api.manazl.site/storage/v1/object/public/images/cf5a9a3e-b219-4d21-8f67-3175d7d862ca/listing/2024-10-13T13:59:13.127Z.jpeg}', '{}', 'https://api.manazl.site/storage/v1/object/public/images/cf5a9a3e-b219-4d21-8f67-3175d7d862ca/listing/2024-10-12T17:20:10.265Z.jpeg', '{}', 'Beautifully place in middle of the sand . Camel Desert camps ', true, true, false, 40, 'camp', '{Kitchen,"Free parking"}', '0101000020E6100000010000F0A7684D40BBA5833410713640', '{}', 22.441653520718074, 58.817625045776374, '{"city": "الغبي", "state": "شمال الشرقية", "country": "عمان"}', 1),
	(4, '2024-07-12 13:03:01.208024+00', '03f88e02-4838-41fc-8c20-e441d1f1c910', 'استراحة ليالي الشرقية', 'يتوفر جميع وسائل الترفية', '{https://api.manazl.site/storage/v1/object/public/images/03f88e02-4838-41fc-8c20-e441d1f1c910/listing/2024-11-02T04:34:09.243Z0.jpeg,https://api.manazl.site/storage/v1/object/public/images/03f88e02-4838-41fc-8c20-e441d1f1c910/listing/2024-11-02T04:34:09.246Z1.jpeg,https://api.manazl.site/storage/v1/object/public/images/03f88e02-4838-41fc-8c20-e441d1f1c910/listing/2024-11-02T04:34:09.247Z2.jpeg}', '{}', 'https://api.manazl.site/storage/v1/object/public/images/03f88e02-4838-41fc-8c20-e441d1f1c910/listing/2024-11-02T04:34:09.243Z0.jpeg', '{"placepolicy": "", "availableDate": ["2024-07-24 12:00", "2024-08-24 24:00"]}', 'يتوفر جميع وسائل الترفية استراحة ليالي الشرقية ', true, true, false, 10, 'villa', '{Wifi,AC,TV}', '0101000020E6100000FFFFFFDF9E344D40F5FFFFFF6E913740', '{camps,suites,swimming_pool}', 23.5680999755859, 58.4110984802246, '{"city": "Muscat", "state": "Muscat Governorate", "country": "Oman"}', 3);


--
-- Data for Name: ads; Type: TABLE DATA; Schema: public; Owner: postgres
--



--
-- Data for Name: meta_types; Type: TABLE DATA; Schema: public; Owner: postgres
--



--
-- Data for Name: terms; Type: TABLE DATA; Schema: public; Owner: postgres
--

INSERT INTO "public"."terms" ("id", "created_at", "name", "image", "parent", "description", "meta_type", "type", "category") VALUES
	(1, '2024-07-16 20:30:09.738483+00', 'wifi', 'data:image/png;base64,iVBORw0KGgoAAAANSUhEUgAAAgAAAAIACAYAAAD0eNT6AAAAAXNSR0IArs4c6QAAIABJREFUeF7t3QvcdeWc//HvhChSGCU9iEg5VEJ6OutIJ1OOIUapCJXkNPz/858Zh5wiHbxEGceM86GioyhPjp1NQiY8CiNTokzR/PeXa4/V3X0/995rr7Wu02e9Xvt138/TXtf1u97X7lnfvY5/IxYEEOhK4E6S1pC0evi5ot/H/+3Okua+3M58f++/m/vfXPsfG68/zfnzJP/tBknXS2r+nO/vxu+5pSsw2kEAgXgCfxOva3pGIHmBVSStJel+jZ/N3+87Z0O/WvIj6qbAm+aEhd9Iuk7Srxs/m7+P/9ut3XRPKwgg0IUAAaALRdrITcDfvteVtGSeDXxzg+9v8izdCXivwjgMNAPCryRd3Xj9orsuaQkBBBYSIADw2ShRYLyB90berweFn+M/+7+zpCvwhzmB4CcEhHQni8ryFSAA5Dt3NVfu4+AbSnooG/gqPwZzA8KPJV0eXj+rUoRBI9BCgADQAo1VBhPwLnhv6DeY8/Nhg1VAR7kJ+DDDOAx8r/H7f+Y2EOpFoG8BAkDfwrQ/icA6C2zo155kZd6DwAQCv1wgGNw4wbq8BYEiBQgARU5r0oN6lKTNJD1e0qZhw1/L2fNJT0ylxfn8gsskXSzpovD6j0otGHZlAgSAyiZ84OH6pDtv6McbfP/0pXUsCKQs4MMIDgPjUOCfl6ZcMLUh0EaAANBGjXXmE/jbsLFvbvDXhAqBQgR8g6W5ocB/vrmQ8TGMCgUIABVOekdD3lzSUklPCBv+h3TULs0gkJPAlZK+Iek8SV+T9MOciqfWugUIAHXP/6Sj981xvLHfovFzpUlX5n0IVCRwbSMMOBD4/AIWBJIUIAAkOS3Ri9p4zsZ+vegVUQACeQr4+QkOAuPXt/McBlWXKEAAKHFWpxvTPcPGvvntftXpmuDdCCAwoYBvYjQOA+PDBhOuytsQ6FaAANCtZy6t+fj9k0fHLp8UztDPpW7qRKBEgbMljV/fKnGAjClNAQJAmvPSdVUPlrRN2OB7o8+98LsWpj0EuhHwjYnOCYHg65Iu7KZZWkHgjgIEgDI/FfcY/QOyddjo7xxuuFPmSBkVAmUL+KRC7x1wGLhA0iVlD5fRDSlAABhSu9++HtfY6O8oySGABQEEyhL4QSMMLJPk5x2wINBKgADQii2Jle4myd/u/do+3FI3icIoAgEEBhP4zugk3jPC66uD9UpHRQgQAPKaxvs0Nvo7SfJDdFgQQAABC1zRCANnSroVFgRWJEAASP/z8cA5G31O4Et/zqgQgdgCP50TBnw/AhYEbidAAEjzA7HhnI3+XdIsk6oQQCADgevmhIGfZ1AzJQ4gQAAYAHnCLnwS3/iY/rYTrsPbEEAAgWkEfCOi8TkDX5Z01TQr896yBAgAcefzkZL2CC/fiY8FAQQQGErATzg8pfH6xVAd008aAgSA4edhSdjg7xluzDN8BfSIAAII3F7gtyEInBp++s8shQsQAIaZYN9vf/xN3z+51/4w7vSCAALTC3hPQHPPgPcUsBQoQADod1J3b2z41+63K1pHAAEEOhfwOQLjMHBW563TYFQBAkD3/L4Fr3fv+5v+w7tvnhYRQACBKAKXNsKAb0vMkrkAAaCbCfTDdp4WXpt10yStIIAAAskK+JHGn5L0aUnXJFslha1QgAAw2wfE3/K94X+6pFVma4q1EUAAgewEbmgEgS9lV33lBRMApv8APKzxbX/T6VdnDQQQQKBIAT+XwHsE/PphkSMsbFAEgMkndK/Ghn/lyVfjnQgggEBVAn4GwTgI+Of/VDX6jAZLAFjxZG0Qdu97N/9GGc0rpSKAAAIpCPgBReMwcHEKBVHDXwUIAPN/GsbH9f1zJT4wCCCAAAIzC3wxhIGTJd0yc2s0MLMAAeCvhPcfHbd6jqTn8m1/5s8VDSCAAAILCVwp6SPhdTVM8QQIANJjw0bfG/6/jTcV9IwAAghUJeDbDX80BIFlVY08kcHWHAB8CZ83+s9IZC4oAwEEEKhV4HMhCPh8AZaBBGoLAHcPG33v6vcd+1gQQAABBNIR+Fbj8MB/pVNWmZXUEgB87f74+P56ZU4lo0IAAQSKEVjeCALfK2ZUiQ2k9ACwTeP4PnfqS+zDRzkIIIDAIgJ+EuH4PIEz0epWoNQA8HeS9pfkp/GxIIAAAgjkL+BbDZ8Ubj2c/2gSGEFpAeCZYcO/UwK2lIAAAggg0L2AH0TkIPDB7puuq8VSAsDzJL2QE/vq+vAyWgQQqFrAzx74QAgDf6haouXgcw4Adwrf9r2rn0fwtvwAsBoCCCCQuYBvNzwOAtdlPpZBy88xAKza2PBvPKgWnSGAAAIIpCrw00YQ8O8siwjkFADuFTb83tX/cGYWAQQQQACBeQS8F8DnCHivgPcOsCwgkEMAWLvxjX9dZhIBBBBAAIEJBHxegIPAiZIunOD91b0l5QCwpqQXSTpIkh/Uw4IAAggggMC0Ar6XwPGSjpPkBxGxBIEUA8C9Gxv+BzJTCCCAAAIIdCDghw+Ng4DvNFj9klIAWD182/e3/gdXPzMAIIAAAgj0IXBtIwhU/byBFAKAH9Az3tXve/azIIAAAggg0LfAjxpB4Ja+O0ux/ZgB4K6NDf+GKeJQEwIIIIBA8QKXhCBwQvEjnTPAGAHgzo1d/Y+qDZzxIoAAAggkKbAsBAE/fKiKZegA4DP6vbt/kyp0GSQCCCCAQG4CfuqgTxb8XG6FT1vvUAHgaZIOl7R02gJ5PwIIIIAAAhEEPiPpGEnnRuh7kC77DgBPCBv+ZwwyGjpBAAEEEECgW4H3hyBwabfNxm+trwDgG/e8PGz8V4o/TCpAAAEEEECgtcDNIQS8W9LPW7eS2Ip9BIBDwob/QYmNlXIQQAABBBCYRcAbf4cAHxpwKMh66TIA7BW+9W+dtQjFI4AAAgggsGIBHw5wCPDhgWyXLgLAY8M3/mdnq0DhCCCAAAIITC/gEwQdBHzCYHbLLAHAD+vxmf0+1r9ydiOnYAQQQAABBLoRyPKKgbYB4OCw8V+vGztaQQABBBBAIHsBHxJ4iyTfZjj5ZdoAsP3oxIdXS9o5+ZFRIAIIIIAAAsML+GFDb5J07PBdT9fjpAFgHUlHSDpsuuZ5NwIINAT8wBGfOTzJ66YJ33ebJN9e+y5T/vSzOFaTdM85P+f+3Z2YQQQQaCVwmqQ3Szq/1doDrDRJADggfOtnd/8AE0IXWQhcJ8nPE/clQXN/+pnjC23g/5TF6G5f5KrzBIW1RrdK9TlA/jl+Nf+8SobjpGQE+hBwQPfegHdK+k0fHczS5ooCwHbhBL89Z+mAdRHITOCaxoZ9oY189tf/9jwn3qswNyA4KHhP4vi1ZHQ99b17roPmEUhF4LuS3irpE6kU5DrmCwD+H9Q383nlAv89pfqpBYFJBW5d4Fv73I28EzvLMALeU+B/bxwGmsFg7u/DVEMvCPQv8L5wI6HL++9q8R7mBoAXhuP8j1x8Vd6BQJIC35P07+Hl368KG/5fJVktRU0i8AhJG46+Pfnn+OU/+7wHFgRyE/jZ6Nybo0IQiPqFYxwAvLv/ZZL2zk2SeqsVmLuhH/+5WpAKB/6wOYFgHA44B6HCD0OGQz41hIAzYtXuAOBrFr3x53+aWLNAvysSYEPP52NagXUlPUrSxo3X+tM2wvsRGEDAVwYdHYKAD0cOujgA/JOk/ztor3SGwB0F2NDzqehTwF9wNpkTCvxnvvj0qU7bkwj8s6R/nOSNXb9nfAjg25Ie13XjtIfAPAJXS/LnzcfpvdFn1z0fk5gC3jPQ3FPwBEn3jVkQfVcl8B1Jj4814nEA2DLlmxXEwqHfTgR+KOmrkr4Wfv60k1ZpBIH+BHzPk6XhtbmkTfvripYrF9hK0tdjGTSvAnijpH+IVQj9FiPgb/bjDb7vgDX4ca1iJBlIKgK+a6IDgcPAOBiwlyCV2cm3Dt8g6HUxy597GeBF4ThZzJroOy+BS8K3+/MkXcAGP6/Jo9rWAs29BFvw72Zrx1pXvFjSY2IPfm4A2FaSn2/MgsBCAj5mNd7Ys8Hnc4LAXwR890Pvzt1G0taSHApYEFhIwJfee09p1GW+OwH6ssBXRa2KzlMS8Eb+G+HbPRv8lGaGWlIWcCAYHy5wMHAoWDnlgqltMAHfEthP1Y2+zBcA/PQv757wdbQs9Qmwwa9vzhlx/wLNQDA+l8B/x1KXgG8B7MtPk3gw2EIPA9phtDvrrLrmpdrR/nL0TeX08PKZ+py0V+1HgYEPKHCv0ZVXOzZeDxmwb7qKJ+A5Pzte97fveUVPA3yHpMNTKZQ6OhXwvajHG33/vLHT1mkMAQSmFWiGgcdOuzLvz0LA9/9/RUqVrigA+DngF0p6eEoFU0trgR/N2ej7FpQsCCCQnoADQDMQpFchFU0rcGW4n8RN067Y5/tXFADc75MkfanPAmi7VwFfk9/8pt9rZzSOAAKdC/jQQDMM+NABS34CTx7dR+LLqZW9WABwve8ODwtKrXbqmV/AJ3CON/pfAQkBBIoRuLckb0jGL/+ZJX2BYyQdkmKZkwSANST52m/f+IIlTYFvNjb6y9IskaoQQKBDAcJAh5g9NnVVeM7O9T320brpSQKAG99d0hdb98KKfQj4Zjzjb/oOaCwIIFCnAGEg3XnfYxQATkm1vEkDgOs/XtKLUx1IJXX50szxRv+ySsbMMBFAYHIBwsDkVn2/8z2SDu67k1nanyYArDU69uRdzQ+apUPWnVrAt4v8TNjw+0xSFgQQQGASAYcB773dW9JTJlmB93Qm8JPRCfR+tLTvs5LsMk0A8CD8Qfp0sqMpp7DfSPpEeHEiXznzykgQiCXwSEl7hX/Doz+EJhbCgP0+NXxxG7DL6buaNgC4hxMkHTB9V6wxgYCfC+0N/yclXTvB+3kLAgggMK2AryIYh4H7TLsy719U4H2SDlz0XQm8oU0AeEB4MMw6CdRfQgm/bWz0zyhhQIwBAQSyELhv2CPgMLBLFhWnX+TPw0OgfLfV5Jc2AcCD2kfSx5IfXdoF+nwKf9P3N/4sPixpc1IdAgjMIOC7D/oQr8PAhjO0U/uqzx7dPffkXBDaBgCP7wOS/j6XgSZSp28DOd7on5ZITZSBAAIINAX8Be9Zo1vB7wnLVAL/KukFU60R+c2zBICHSvIx6zUjjyGH7v1MhfFJff+RQ8HUiAAC1Qv4LHYHAQcCXwXGsrDAryRtKcnPXMlmmSUAeJDPl+TUw3JHgVsbG/0vAIQAAghkKuBzBcZ7BZZmOoa+y/be8A/23UnX7c8aAFzPh0ep57ldF5Zxe5c2Nvw/zHgclI4AAgjMFfB9BcZ7BVaC588CH5G0b44WXQSAR0jybWlrfjDF/zQ2+r5pDwsCCCBQsoD/3R/vFfDh4FoX37Nla0l+8mp2SxcBwIP2NY/vzW70sxd8jSRf8+nj+1l+AGYnoAUEEKhY4G7h2+9+o8fdbl6hw0Hh3jhZDr2rAODB+9IH7xqqYfFle97w+/WLGgbMGBFAAIFFBHwoeH9J21Ui9fGwFyTb4XYZAHx7yXMl3TNbjcUL9/2dxxt+n/XJggACCCBwe4GnSfIeAd9xsNTFN3Bz0Lko5wF2GQDs8FJJx+QMskDtvnRvvOH/dYHjY0gIIIBA1wK7hT0CvrlQacvLJB2b+6C6DgD2+JQkPwihhOWqxobfJ3uwIIAAAghMJ7B9CAK+S14Jix+I570c2S99BADfPMJPsFslYx1fvjf+xn99xuOgdAQQQCAVgS3CoQGfJ5DrcrOkJ44Ob/hW7tkvfQQAo7xC0tsz1LkybPj9xMMbM6yfkhFAAIHUBR43Onn6RWGvQOq1zq3vCEnvyK3ohertKwD4BhG+Hv4pmUBdES7l8Lf+32dSM2UigAACOQv4skEHAd9RNofl8+GBSbflUOwkNfYVANz3NpLOknSXSQqJ9J7LG7v6vWuHBQEEEEBgWAHfSMfX0z9n2G6n6s23dt9R0temWivxN/cZADz010p6U4IGvl3v+Bj/fydYHyUhgAACtQn42Lr3CDwjwYH/g6Q3J1jXTCX1HQB8IqCvCth1piq7W/nixobfiY4FAQQQQCAtgZ1CENg7kbL86Haf9V/cXuK+A4Dnz7tNzpA0RF8LfV78ON7xN/4/JfKhogwEEEAAgYUFfCMh7xHYMyKSn/OyczicHbGMfroeaqP8/yT9Yz9DWGGrvoGPz9g8ftS/J5IFAQQQQCAvAd9X5pBwXtnQlf/TqENvv4pchgoAq4dDAd4bMNTiDb9f1w7VIf0ggAACCPQm4L0Bh0raoLcebt+wT2L3rv8bBupv8G6GCgAemG8LecoAI/xsuAfBsgH6ogsEEEAAgeEE/GXSewMcBO7Tc7e7Szq15z6iNj9kAPBAfUWArwzoY/EJfr750Ef7aJw2EUAAAQSSEXhoCAF+/kwfi8/495n/RS9DB4A1w6EAX/fZ1eLdM97Vf6QkzuzvSpV2EEAAgfQFloYg8MwOSz0v7Pov/omvQwcAz5GfDOW7BHaxfGD0zIG3jJ7J7Fv4siCAAAII1Cngu8760IAfPDTr4ssPfSi5+CVGADCqv7EfPoPuuZLeKulLM7TBqggggAACZQm8cHS9/qsl+RBBm+Wo8CybNutmt06sALBEkh+puNmUYj8NG/7jplyPtyOAAAII1CGwdjh+P+35Ad8Kj7JfXgdT3JvzPEvSyVNAO5n5JMLrpliHtyKAAAII1CngO9D6RL4tJxz+PqNLDD8+4XuLeFusPQBjvGMkLZbSPhc2/N8uQpxBIIAAAggMKfD6EAR8a/qFlmNHXy5fNmRRKfQVOwCsF64K2GQeDD+wx9/4/y0FKGpAAAEEEMhW4JGS/iWchD53EL6E3Df8uSrb0bUsPHYAcNnPk/TBRv03hqcuFffkpZZzxGoIIIAAAt0I7CvpnyWt22ju+ZI+1E3zebWSQgCw2AmSDpD0fklvlHR1XoxUiwACCCCQicDdJb1B0mHhIXEHZlJ352WmEgA2lOQzN8/pfIQ0iAACCCCAwB0FfEO6X0u6olacVAJArf6MGwEEEEAAgSgCBIAo7HSKAAIIIIBAXAECQFx/ekcAAQQQQCCKAAEgCjudIoAAAgggEFeAABDXn94RQAABBBCIIkAAiMJOpwgggAACCMQVIADE9ad3BBBAAAEEoggQAKKw0ykCCCCAAAJxBQgAcf3pHQEEEEAAgSgCBIAo7HSKAAIIIIBAXAECQFx/ekcAAQQQQCCKAAEgCjudIoAAAgggEFeAABDXn94RQAABBBCIIkAAiMJOpwgggAACCMQVIADE9ad3BBBAAAEEoggQAKKw0ykCCCCAAAJxBQgAcf3pHQEEEEAAgSgCBIAo7HSKAAIIIIBAXAECQFx/ekcAAQQQQCCKAAEgCjudIoAAAgggEFeAABDXn94RQAABBBCIIkAAiMJOpwgggAACCMQVIADE9ad3BBBAAAEEoggQAKKw0ykCCCCAAAJxBQgAcf3pHQEEEEAAgSgCBIAo7HSKAAIIIIBAXAECQFx/ekcAAQQQQCCKAAEgCjudIoAAAgggEFeAABDXn94RQAABBBCIIkAAiMJOpwgggAACCMQVIADE9ad3BBBAAAEEoggQAKKw0ykCCCCAAAJxBQgAcf3pHQEEEEAAgSgCBIAo7HSKAAIIIIBAXAECQFx/ekcAAQQQQCCKAAEgCjudIoAAAgggEFeAABDXn94RQAABBBCIIkAAiMJOpwgggAACCMQVIADE9ad3BBBAAAEEoggQAKKw0ykCCCCAAAJxBQgAcf3pHQEEEEAAgSgCBIAo7HSKAAIIIIBAXAECQFx/ekcAAQQQQCCKAAEgCjudIoAAAgggEFeAABDXn94RQAABBBCIIkAAiMJOpwgggAACCMQVIADE9ad3BBBAAAEEoggQAKKw0ykCCCCAAAJxBQgAcf3pHQEEEEAAgSgCBIAo7HSKAAIIIIBAXAECQFx/ekcAAQQQQCCKAAEgCjudIoAAAgggEFeAABDXn94RQAABBBCIIkAAiMJOpwgggAACCMQVIADE9ad3BBBAAAEEoggQAKKw0ykCCCCAAAJxBQgAcf3pHQEEEEAAgSgCBIAo7HSKAAIIIIBAXAECQFx/ekcAAQQQQCCKAAEgCjudIoAAAgggEFeAABDXn94RQAABBBCIIkAAiMJOpwgggAACCMQVIADE9ad3BBBAAAEEoggQAKKw0ykCCCCAAAJxBQgAcf3pHQEEEEAAgSgCBIAo7HSKAAIIIIBAXAECQFx/ekcAAQQQQCCKAAEgCjudIoAAAgggEFeAABDXn94RQAABBBCIIkAAiMJOpwgggAACCMQVIADE9af3ugRWl7RE0lqS7i5p1fCa5fdbJd0UXr+f4fcbJC2X9HNJt9U1LYwWgToFCAB1zjuj7l7g3mHj7g38Qq/Vuu+2lxavCUHAgWAcCub+vLmXnmkUAQQGEyAADEZNR5kLbCBp/Tkb93Uaf/a3+ZqW61YQDi4PAaImD8aKQHYCBIDspoyCexbwbvqNw2ujxu8r99xvac3/UtKFki5q/PxxaYNkPAjkLEAAyHn2qH1WgYfNs6F/0KyNsv6CAtfPEwquwAsBBOIIEADiuNPrsAL3kNT8Nj/+vbbd9sOqT9abzyUY7yUY7zG4eLJVeRcCCMwiQACYRY91UxW4m6StJe0oaQdJj021UOqaV8BXITgUfE3SOeHnb7FCAIFuBQgA3XrSWhyBlSRtMdpYbBM2+NvHKYNeexT4pqSvSDpX0gWSCAQ9YtN0HQIEgDrmucRRPj5s9LcN3/RzucSuxLmIMSbvHXAgcBggEMSYAfrMXoAAkP0UVjMAn5nvb/l+bRcuv6tm8Ax0hQJ/DGFgGYGATwoCkwsQACa34p3DCvhyvN3CLn1v9H0dPgsCkwj4jojnS/pGCASnT7IS70GgNgECQG0znvZ4Vwkb/V3DzzXTLpfqMhH4kaQvNV6ZlE2ZCPQrQADo15fWFxfwCXz+pj9++Ta6LAj0JUAY6EuWdrMTIABkN2XFFLyLpPE3/fWKGRUDyUmAMJDTbFFr5wIEgM5JaXAFAj55b/xNf0OkEEhIgDCQ0GRQyjACBIBhnGvuxSfwjb/pb1IzBGPPRoAwkM1UUegsAgSAWfRYdyEBn7z3bEn7SNoMJgQyFhiHgU+Orkg5L+NxUDoCdxAgAPCh6FLAt9z1hv85ktbqsmHaQiABAV9J8DFJJ0v6UwL1UAICMwkQAGbiY+Ug8Hdhw/90RBCoQMBPMBwHgasqGC9DLFSAAFDoxA4wrPuEjb6/8W8+QH90gUBqAjeFvQHeI3B2asVRDwKLCRAAFhPiv88V8Il83uj7tQ48CCDwZwEHAAcBvxwMWBBIXoAAkPwUJVPgHmGj/6xkKqIQBNIT8CEBhwAfIvChAhYEkhUgACQ7NUkU5vvx+4Q+f9vfMomKKAKBPAR8kuA4CPjkQRYEkhMgACQ3JUkUtLakgyS9QNIDk6iIIhDIV8CXD35E0gn5DoHKSxQgAJQ4q+3HNN7wHzD6x+r+7ZthTQQQmEfguyEEEAT4eCQhQABIYhqiF8GGP/oUUEBFAgSBiiY75aESAFKenf5rY8PfvzE9ILCQAEGAz0ZUAQJAVP5onbPhj0ZPxwjcQYAgwIciigABIAp7tE7Z8Eejp2MEFhUgCCxKxBu6FCAAdKmZblts+NOdGypDYK4AQYDPxCACBIBBmKN1woY/Gj0dIzCzAEFgZkIaWJEAAaDMz8edJL1C0qFczlfmBDOqqgQcBN4j6cSqRs1gexcgAPROPHgHe0s6QtLSwXumQwQQ6FPgy5KOGt2V88w+O6HtegQIAOXM9cbhW/++5QyJkSCAwDwCvpHQOyV9Hx0EZhEgAMyil8a6vl//IZJeKWm1NEqiCgQQ6FngN6P/398h6ZhR8L+x575ovlABAkDeE+sH9RwuadO8h0H1CCDQUuAiSe+S9KGW67NaxQIEgDwn30/me9nocaPPzLN8qkYAgY4FPh/2Bpzdcbs0V7AAASCvyfUDerzhf7mku+ZVOtUigMAAAsdJOpbzAwaQLqALAkA+k+jH83rj/8h8SqZSBBCIIHBt2BvgIMD5AREmIJcuCQDpz9TOYcO/e/qlUiECCCQk8C1J3iPA+QEJTUpKpRAAUpqNO9ayweg4/xVpl0h1CCCQuMDzCQGJz1Ck8ggAkeCn6PbVko6c4v28FQEEEBgLfEbSU+FAYD4BAkAen4sLJG2eR6lUiQACiQjcJsl7EX+YSD2UkZgAASCxCVmgnG0lnZtHqVSJAAKJCLxK0tsSqYUyEhQgACQ4KQuU5Ft/HpZPuVSKAAIRBZaNnhng+4WwILCgAAEgnw/H3UfH8i6T9OB8SqZSBBCIJLCNpPMi9U23mQgQADKZqFCm7/z38bxKploEEBhYwE8M9OPAWRBYoQABIL8PyMck7ZNf2VSMAAIDCFwlaSNJNw3QF11kLkAAyG8C15X075JWya90KkYAgZ4Fni7pUz33QfOFCBAA8pxIP/736DxLp2oEEOhJ4KOSnttT2zRboAABIN9JPUfSE/Mtn8oRQKBDgd+Pvvk/StLVHbZJU4ULEADyneDNJH0z3/KpHAEEOhTwg8L88B8WBCYWIABMTJXkG98k6bVJVkZRCCAwlMBZknYaqjP6KUeAAJD3XK4q6duSHpH3MKgeAQRmEHiCJD/5jwWBqQQIAFNxJfnmPSV9PsnKKAoBBPoWeIOk/9N3J7RfpgABoIx5PVHSfmUMhVEggMCEApdL8rd/rvmfEIy33V6AAFDGJ8L3BviupHuXMRxGgQACEwjsIemUCd7HWxCYV4AAUM4H4wBJJ5QzHEaCAAIrEHi/JP8/z4JAawECQGu6JFc8dXQy0K5JVkZRCCDQlcB/Snq8pJ901SDt1ClAAChr3v2PAmcDlzWnjAaBuQIvlOTzflgQmEmAADATX5Irv17SvyRZGUUhgMCsAl8frHtWAAAaOklEQVSU5Ct/WBCYWYAAMDNhcg34IUF+Dvhjk6uMghBAYFYB3wHU9/5gQWBmAQLAzIRJNrAbZwcnOS8UhcAsAq+T5Lt/siDQiQABoBPGJBvxfcFfkmRlFIUAAtMK+Fv/tpJunnZF3o/AQgIEgHI/Gw+SdL6kJeUOMduRXS9peeP183AzF//j7pdv7DL+fe6fm//tVkk+5NPmtU74bPjz4dca2WrWUfjuozP/fZUPCwKdCRAAOqNMsqEXSDopycrKLcqXaI037t6wNzf0/t1/97sEh38PSXNDgYNB8+/um2DdNZR0jKRDahgoYxxWgAAwrHeM3j4p6WkxOi68z9skXSTp4jmvFDfuXU2FQ8JG4bVx43f/PUs/Aj+VtA3X/PeDW3urBIDyPwG+N8AySXcuf6i9jfC/5tnQX9pbb/k1vN48ocB/xzK7gJ/x8YHZm6EFBO4oQACo41PxaklH1jHUmUfpb/ZflfS1xjd87rg2PWtzb4EvXdtK0sOmb6bqNT4h6ZlVCzD4XgUIAL3yJtP43SSdGf4RTqaoRAr578YG3xt+7y1xCGDpXuD+kpZK2jp8FrlXxcLGt4z+n91S0ne6nwZaROAvAgSAej4JfkYAZxH/5QS88YbeG/sLJDkEsAwv4JMKNw8vBwPvJbjL8GUk2eNrRld3vCXJyiiqGAECQDFTOdFA3iHp8IneWdabTg/f7L2x90b/92UNr5jR3KsRCPyc+12KGdl0A/HhJ4/9D9OtxrsRmE6AADCdV+7vfuDoW9ZZlRyL/YakL4TX93KfuErr32B021vf1dKvJ1Zk4PGeVtF4GWokAQJAJPiI3f59wWcVXxk2+H5gip+HwFKOwCYhCPiGOD5sUOpylKRXlDo4xpWWAAEgrfkYqpoPS3ruUJ313M+vRg8+8gZ//G2/5+5oPgEBBwAHAX9TdjAoZXGA3VmSr/1nQaB3AQJA78RJdvC40c1FzpG0WpLVLV7UHxsbfG/4fZ0+S50CPjQwPkzgQwY5L75z57/mPABqz0uAAJDXfHVZ7asyPMvYd937uKRPSbqqSwzaKkLAV7o8PbzuntmIPjL6TO+bWc2Um7kAASDzCZyh/LuGXec7zdDGUKt6g/9vYcM/VJ/0k6/Auo0g4Dthpr744VD+/5Br/lOfqcLqIwAUNqFTDiflewP47nv+tu+Xv/mzINBGIIe9Ar5T51vbDI51EJhFgAAwi14Z6749sbOOfW7CeMN/YxnEjCIBgVT3CvgeFU/hZlQJfEIqLIEAUOGkzxnyAySdEh7mEkvDG/rxRt8BgAWBPgVS2ivgWr7U52BpG4GFBAgAfDYsEOveANeMnjf/vnBfAh64w2dxaAHvFfBn/wBJfk7B0IvvzHnE0J3SHwJjAQIAn4WxwIcGPAt5vOF/r6RrmQIEIgusPfocHjRwEPB5LXtK+lnksdN9xQIEgIonf87Q/WQ23350zR5J2PD3iEvTMwsMGQS85+GDM1dMAwjMIEAAmAGvwFVf2dPZyGz4C/ywFDykvoOA78T5vIL9GFomAgSATCZqoDJXDnfY6+opbGz4B5o4uulFoI8g4ENee4xe3+2lYhpFYAoBAsAUWJW89ckdPImMDX8lH5ZKhtllEPAdON9WiRvDTFyAAJD4BEUqz/9AtTk7+bbwj9vRnNwXaebotk8BB4FDJB0uyXvLpl18zb9P/Ltl2hV5PwJ9CBAA+lDNv80l4VDAY6YYyqcl+aZC35hiHd6KQI4CfpiWQ8A+UxT/P+GhRVzzPwUab+1XgADQr2/OrT9/wieTXRI2/H6YCQsCNQnsHe6iucUEg3Y49km2LAgkI0AASGYqkizElyktdLby78OG/w2S/HheFgRqFTgsHDJbZwGAC8PtfpfXCsS40xQgAKQ5L6lUtamkz0vyIYHm4m/7b5T0/VQKpQ4EIgv4/hmvkfTyeergmv/Ik0P38wsQAPhkLCbQvDfABWHDf+piK/HfEahUwOcHOAg8NYzfd9j04TQWBJITIAAkNyXJFeSznb0XwCcvvTu56igIgTQFfH6Ag8CLRmf++xAACwLJCRAAkpuSJAvy7s1fJVkZRSGAAAIItBIgALRiYyUEEEAAAQTyFiAA5D1/VI8AAggggEArAQJAKzZWQgABBBBAIG8BAkDe80f1CCCAAAIItBIgALRiYyUEEEAAAQTyFiAA5D1/VI8AAggggEArAQJAKzZWQgABBBBAIG8BAkDe80f1CCCAAAIItBIgALRiYyUEEEAAAQTyFiAA5D1/VI8AAggggEArAQJAKzZWQgABBBBAIG8BAkDe80f1CCCAAAIItBIgALRiYyUEEEAAAQTyFiAA5D1/VI8AAggggEArAQJAKzZWQgABBBBAIG8BAkDe80f1CCCAAAIItBIgALRiYyUEEEAAAQTyFiAA5D1/VI8AAggggEArAQJAKzZWQgABBBBAIG8BAkDe80f1CCCAAAIItBIgALRiYyUEEEAAAQTyFiAA5D1/VI8AAggggEArAQJAKzZWQgABBBBAIG8BAkDe80f1CCCAAAIItBIgALRiYyUEEEAAAQTyFiAA5D1/VI8AAggggEArAQJAKzZWQgABBBBAIG8BAkDe80f1CCCAAAIItBIgALRiYyUEEEAAAQTyFiAA5D1/VI8AAggggEArAQJAKzZWQgABBBBAIG8BAkDe80f1CCCAAAIItBIgALRiYyUEEEAAAQTyFiAA5D1/VI8AAggggEArAQJAKzZWQgABBBBAIG8BAkDe80f1CCCAAAIItBIgALRiYyUEEEAAAQTyFiAA5D1/VI8AAggggEArAQJAKzZWQgABBBBAIG8BAkDe80f1CCCAAAIItBIgALRiYyUEEEAAAQTyFiAA5D1/VI8AAggggEArAQJAKzZWQgABBBBAIG8BAkDe80f1CCCAAAIItBIgALRiYyUEEEAAAQTyFiAA5D1/VI8AAggggEArAQJAKzZWQgABBBBAIG8BAkDe80f1CCCAAAIItBIgALRiYyUEEEAAAQTyFiAA5D1/VI8AAggggEArAQJAKzZWQgABBBBAIG8BAkDe80f1CCCAAAIItBIgALRiYyUEEEAAAQTyFiAA5D1/VI8AAggggEArAQJAKzZWQgABBBBAIG8BAkDe80f1CCCAAAIItBIgALRiYyUEEEAAAQTyFiAA5D1/VI8AAggggEArAQJAKzZWQgABBBBAIG8BAkDe80f1CCCAAAIItBIgALRiYyUEEEAAAQTyFiAA5D1/VI8AAggggEArAQJAKzZWQgABBBBAIG8BAkDe80f1CCCAAAIItBIgALRiYyUEEEAAAQTyFiAA5D1/VI8AAggggEArAQJAKzZWQgABBBBAIG8BAkDe80f1CCCAAAIItBIgALRiYyUEEEAAAQTyFiAA5D1/VI8AAggggEArAQJAKzZWQgABBBBAIG8BAkDe80f1CCCAAAIItBIgALRiYyUEEEAAAQTyFiAA5D1/VI8AAggggEArAQJAKzZWQgABBBBAIG8BAkDe80f1CCCAAAIItBIgALRiYyUEEEAAAQTyFiAA5D1/VI8AAggggEArAQJAKzZWQgABBBBAIG8BAkDe80f1CCCAAAIItBIgALRiYyUEEEAAAQTyFiAA5D1/VI8AAggggEArAQJAKzZWQgABBBBAIG8BAkDe80f1CCCAAAIItBIgALRiYyUEEEAAAQTyFiAA5D1/VI8AAggggEArAQJAKzZWQgABBBBAIG8BAkDe80f1CCCAAAIItBIgALRiYyUEEEAAAQTyFiAA5D1/VI8AAggggEArAQJAKzZWQgABBBBAIG8BAkDe80f1CCCAAAIItBIgALRiYyUEEEAAAQTyFiAA5D1/VI8AAggggEArAQJAKzZWQgABBBBAIG8BAkDe80f1CCCAAAIItBIgALRiYyUEEEAAAQTyFiAA5D1/VF+mwBJJG4bXBuHnqpLGr1Uav1vgpvC6ufG7/+4KSd8PP/378jK5GBUCCLQRIAC0UWMdBLoTWEnS1pKeJGn7sLFfrbvmb9fSjSEMnCPpy5LOk3RbT33RLAIIJC5AAEh8giivSIFHh42+N/y7Seprg78YngPBqSEIOAxcttgK/HcEEChHgABQzlwykrQFNpa0e9jgL0201AtCIDhF0iWJ1khZCCDQkQABoCNImkFgHoH1wwbfG37v3s9p8WECBwHvIfhBToVTKwIITCZAAJjMiXchMI3AFpL2l7TfNCsl/N6TJJ0oaVnCNVIaAghMKUAAmBKMtyOwAoEdwoZ/n0KVTg5B4OxCx8ewEKhKgABQ1XQz2J4EvIvf3/b36qn91Jr9rCTvFfAhAhYEEMhUgACQ6cRRdhIC60p6raQDk6hm+CJOkPRmSVcP3zU9IoDArAIEgFkFWb9WgZdIeo0k37Sn5sU3FzpS0nE1IzB2BHIUIADkOGvUHFNgq/Ctf9eYRSTY92lhb8D5CdZGSQggMI8AAYCPBQKTCxwh6W2Tv73Kd75S0turHDmDRiAzAQJAZhNGuVEE1gob/n2j9J5fpx+W5CDwy/xKp2IE6hEgANQz14y0ncDOYeO/UbvVq13r0hACzqhWgIEjkLgAASDxCaK8qALs8p+dn0MCsxvSAgK9CBAAemGl0QIEjh/twn5xAeNIYQjvkXRwCoVQAwII/FWAAMCnAYE7CvgGN35KH0t3An6mgG+YxIIAAokIEAASmQjKSEbAx679uF6W7gX8uGHOpejelRYRaCVAAGjFxkqFClwvafVCx5bKsG6QtEYqxVAHAjULEABqnn3G3hT4hSRf7sfSv4AvD7xf/93QAwIIrEiAAMDnAwHp9NGjbn25H8twAr48cJfhuqMnBBCYK0AA4DNRu8C7JB1aO0Kk8R8t6bBIfdMtAtULEACq/whUDeAn2fmBPizxBPwgIT9RkQUBBAYWIAAMDE53yQhwk59kpuLPtw3m+QHpzAeVVCJAAKhkohnm7QR8vN/H/VnSEfD5ANw2OJ35oJIKBAgAFUwyQ7ydgM/094aG69HT+mD4/gsOZjxAKK15oZqCBQgABU8uQ5tX4EOSeKpfmh8OP0XweWmWRlUIlCdAAChvThnRwgIc90//08H5AOnPERUWIkAAKGQiGcaiAltJOm/Rd/GGFAS2lnR+CoVQAwIlCxAASp5dxtYU8MNodoUkC4HTeBhTFvNEkZkLEAAyn0DKn0jgJZKOneidvCkVgZdKOi6VYqgDgRIFCAAlzipjagqsG3b9L4ElK4Hlknwo4OqsqqZYBDISIABkNFmU2krgvZIObLUmK8UWOEHSQbGLoH8EShUgAJQ6s4zLArtL+iIUWQvsIemUrEdA8QgkKkAASHRiKKsTgc9I2quTlmgklsBnJe0dq3P6RaBkAQJAybNb99h2kHRW3QTFjH7H0fkAZxczGgaCQCICBIBEJoIyOhf4mKR9Om+VBmMInCzp2TE6pk8EShYgAJQ8u/WObQtJX693+EWOfMvRswKWFTkyBoVAJAECQCR4uu1V4ERJ+/XaA40PLXCSpP2H7pT+EChZgABQ8uzWObb1R7v+r6xz6MWP+uGjQwE/KH6UDBCBgQQIAANB081gAi+XdNRgvdHRkAKHS3rnkB3SFwIlCxAASp7dOsfms8W3r3PoxY/6nNFdHX11BwsCCHQgQADoAJEmkhHYWNLFyVRDIX0IbDK6t8MlfTRMmwjUJkAAqG3Gyx7v6yS9oewhVj+610t6Y/UKACDQgQABoANEmkhGwJeJLU2mGgrpQ+ACSb7MkwUBBGYUIADMCMjqyQg8RtKFyVRDIX0KbCrpoj47oG0EahAgANQwy3WM0WeIv6OOoVY/yldwpUf1nwEAOhAgAHSASBNJCHxBkp8cx1K+gJ/wuGf5w2SECPQrQADo15fWhxFYSdINku4xTHf0Elngd6P7Aawu6bbIddA9AlkLEACynj6KDwK7SPoyGlUJPGl0wufpVY2YwSLQsQABoGNQmosi8HZJPi7MUo+Az/c4op7hMlIEuhcgAHRvSovDC3xT0mbDd0uPEQW+JekJEfunawSyFyAAZD+FDEDSb0dXAKyGRFUCN46uBLhnVSNmsAh0LEAA6BiU5gYXWDJ6TOzPBu+VDlMQeICk5SkUQg0I5ChAAMhx1qi5KbDT6M5wZ0BSpcDOks6scuQMGoEOBAgAHSDSRFSBQyQdHbUCOo8lcKikd8fqnH4RyF2AAJD7DFL/8ZJeDEOVAu+RdHCVI2fQCHQgQADoAJEmogp8RdJ2USug81gC50p6YqzO6ReB3AUIALnPIPVzCWC9nwEuBax37hl5BwIEgA4QaSKqwGWSHhW1AjqPJXC5pEfH6px+EchdgACQ+wxS/1WSHgJDlQI/lrRelSNn0Ah0IEAA6ACRJqIKXCNp7agV0HksgWsl3T9W5/SLQO4CBIDcZ5D6rw9PhkOiPgE/AXKN+obNiBHoRoAA0I0jrcQTuEXSXeJ1T88RBW6VtHLE/ukagawFCABZTx/FSyIA1PsxIADUO/eMvAMBAkAHiDQRVYBDAFH5o3bOIYCo/HSeuwABIPcZpH5OAqz3M8BJgPXOPSPvQIAA0AEiTUQV4DLAqPxRO+cywKj8dJ67AAEg9xmkfm4EVO9ngBsB1Tv3jLwDAQJAB4g0EVWAWwFH5Y/aObcCjspP57kLEAByn0Hq52FA9X4GeBhQvXPPyDsQIAB0gEgTUQV4HHBU/qid8zjgqPx0nrsAASD3GaT+QyQdDUOVAodKeneVI2fQCHQgQADoAJEmogrsJOmMqBXQeSyBnSWdGatz+kUgdwECQO4zSP1LJP0MhioFHiBpeZUjZ9AIdCBAAOgAkSaiC/xW0mrRq6CAIQVulHTPITukLwRKEyAAlDajdY6HSwHrm3cuAaxvzhlxxwIEgI5BaS6KwJslvSZKz3QaS+BISa+N1Tn9IlCCAAGghFlkDNtK8jXhLPUIbCfpq/UMl5Ei0L0AAaB7U1ocXmAlSX4qIOcBDG8fo0cf/19D0m0xOqdPBEoRIACUMpOM42RJz4KhCoGPS9qnipEySAR6FCAA9IhL04MKHCzpuEF7pLNYAi+R5DtAsiCAwAwCBIAZ8Fg1KYFHS7o0qYoopi+BjST5KZAsCCAwgwABYAY8Vk1OYJmkpclVRUFdClwwuvPjFl02SFsI1CpAAKh15ssc9+skvaHMoTGqIPB6SW9EAwEEZhcgAMxuSAvpCGws6eJ0yqGSHgQ2kXRJD+3SJALVCRAAqpvy4gd8tqTtix9lnQM8R9IOdQ6dUSPQvQABoHtTWowr8PLRPeKPilsCvfckcLikd/bUNs0iUJ0AAaC6KS9+wOuPrhG/svhR1jnAh0v6QZ1DZ9QIdC9AAOjelBbjC5woab/4ZVBBhwInjR77vH+H7dEUAtULEACq/wgUCeDLxL5e5MjqHdSWknyZJwsCCHQkQADoCJJmkhP4GLeLTW5O2hbk2zw/u+3KrIcAAvMLEAD4ZJQq4LPFzyp1cJWNa0dJvrqDBQEEOhQgAHSISVPJCXxmdM34XslVRUHTCHx2dIvnvadZgfcigMBkAgSAyZx4V54Cu0v6Yp6lU3UQ2EPSKWgggED3AgSA7k1pMS2B90o6MK2SqGZCgRMkHTThe3kbAghMKUAAmBKMt2cnsO7o7nHnSVqSXeV1F7x8dNx/a0lX183A6BHoT4AA0J8tLacj4OfHH5tOOVQygcBLJR03wft4CwIItBQgALSEY7XsBE6VtGt2VddZ8GmSdqtz6IwageEECADDWdNTXIGtwqGAuFXQ+yQC3vV//iRv5D0IINBegADQ3o418xM4QtLb8iu7qopfKentVY2YwSIQSYAAEAmebqMJfEjSvtF6p+MVCXxY0vMgQgCBYQQIAMM400s6AmtJOkPSRumURCWjm/1cOrrX/86SfokGAggMI0AAGMaZXtIS8Ibm9LRKqr6aXUIwqx4CAASGEiAADCVNP6kJcD5AOjPCcf905oJKKhIgAFQ02Qz1DgLHj3Y5vxiXqALvkXRw1AroHIFKBQgAlU48w/5fAd9nnmvO43wgfG8GP6+BBQEEIggQACKg02VyAj4B7dHJVVV2QZdxImbZE8zo0hcgAKQ/R1Q4jMD1klYfpqvqe7lB0hrVKwCAQGQBAkDkCaD7pAR+IcmXCbL0J+DL/O7XX/O0jAACkwoQACaV4n21CPjyQF8myNK9gO+/4Mv9WBBAIAEBAkACk0AJyQm8S9KhyVWVd0FHSzos7yFQPQJlCRAAyppPRtOdwJslvaa75qpu6UhJr61agMEjkKAAASDBSaGkZAS4WdDsU8FNfmY3pAUEehEgAPTCSqMFCfh8AD9BkGcHTDepvrTSG38f92dBAIEEBQgACU4KJSUn4CsDHAJ4iuBkU+On+nnjz4N9JvPiXQhEESAARGGn00wFOCSw+MSxy39xI96BQBICBIAkpoEiMhLYKpzQtmtGNQ9R6mmSfOLk+UN0Rh8IIDC7AAFgdkNaqFPgJeEqgSV1Dv9/R71cks/yP65yB4aPQHYCBIDspoyCExJYN+wNODChmoYs5YTwrf/qITulLwQQ6EaAANCNI63ULeAn2u0naa9KGD4r6SRJfpIiCwIIZCpAAMh04ig7SYEdJO0vaZ8kq5u9qJMlnSjp7NmbogUEEIgtQACIPQP0X6LAFiEIeK9ACYu/7XvDv6yEwTAGBBD4iwABgE8CAv0JrC9pN0k+RLB9f9300vI5YRf/qZJ+0EsPNIoAAlEFCABR+em8IoGNQxBwIFia6LgvkOQNvo/tX5JojZSFAAIdCRAAOoKkGQSmEHiMpCdK2i78vMcU63b51t9J+sqojnPDz4u6bJy2EEAgbQECQNrzQ3XlC6wkaafw2lrShpJW62nYN0q6QtJ5ks4Mr9t66otmEUAgcQECQOITRHlVCvjmQg4Cfm0Qfq4qafxapfG7gW4Kr5sbv/vvvLH/fvjp333THhYEEEDgzwL/H8EH+EzrvAAXAAAAAElFTkSuQmCC', NULL, 'Wifi', NULL, 'amenities', NULL);


--
-- Data for Name: categories; Type: TABLE DATA; Schema: public; Owner: postgres
--

INSERT INTO "public"."categories" ("created_at", "name", "image", "parent", "description", "slug") VALUES
	('2024-07-05 12:08:31.624331+00', 'beach', 'data:image/png;base64,iVBORw0KGgoAAAANSUhEUgAAAgAAAAIACAYAAAD0eNT6AAAAAXNSR0IArs4c6QAAIABJREFUeF7tnQnYflPZ9s+3UhqFhtdYRKmUKUQRZabMU5kLmTKkZJ6nEEJkzFBmkiFCFEIklKlCKTQiitLg25dv13s/z3947mHvvc69128dx3t0fJ+913Vev2v9n/u89732tf5HDAhAAAIQgAAEsiPwP9llTMIQgAAEIAABCAgDwCKAAAQgAAEIZEgAA5Bh0UkZAhCAAAQggAFgDUAAAhCAAAQyJIAByLDopAwBCEAAAhDAALAGIAABCEAAAhkSwABkWHRShgAEIAABCGAAWAMQgAAEIACBDAlgADIsOilDAAIQgAAEMACsAQhAAAIQgECGBDAAGRadlCEAAQhAAAIYANYABCAAAQhAIEMCGIAMi07KEIAABCAAAQwAawACEIAABCCQIQEMQIZFJ2UIQAACEIAABoA1AAEIQAACEMiQAAYgw6KTMgQgAAEIQAADwBqAAAQgAAEIZEgAA5Bh0UkZAhCAAAQggAFgDUAAAhCAAAQyJIAByLDopAwBCEAAAhDAALAGIAABCEAAAhkSwABkWHRShgAEIAABCGAAWAMQgAAEIACBDAlgADIsOilDAAIQgAAEMACsAQhAAAIQgECGBDAAGRadlCEAAQhAAAIYANYABCAAAQhAIEMCGIAMi07KEIAABCAAAQwAawACEIAABCCQIQEMQIZFJ2UIQAACEIAABoA1AAEIQAACEMiQAAYgw6KTMgQgAAEIQAADwBqAAAQgAAEIZEgAA5Bh0UkZAhCAAAQggAFgDUAAAhCAAAQyJIAByLDopAwBCEAAAhDAALAGIAABCEAAAhkSwABkWHRShgAEIAABCGAAWAMQgAAEIACBDAlgADIsOilDAAIQgAAEMACsAQhAAAIQgECGBDAAGRadlCEAAQhAAAIYANYABCAAAQhAIEMCGIAMi07KEIAABCAAAQwAawACEIAABCCQIQEMQIZFJ2UIQAACEIAABoA1AAEIQAACEMiQAAYgw6KTMgQgAAEIQAADwBqAAAQgAAEIZEgAA5Bh0UkZAhCAAAQggAFgDUAAAhCAAAQyJIAByLDopAwBCEAAAhDAALAGIAABCEAAAhkSwABkWHRShgAEIAABCGAAWAMQgAAEIACBDAlgADIsOilDAAIQgAAEMACsAQhAAAIQgECGBDAAGRadlCEAAQhAAAIYANYABCAAAQhAIEMCGIAMi07KEIAABCAAAQwAawACEIAABCCQIQEMQIZFJ2UIQAACEIAABoA1AIH0BJaXtL+kLSTdmV5OrQrmk3SipD0kXV1rJCaHAASmSgADwAKBQDoC/ytpP0mblxJOk7RZOjmNRD6lJ8fjJe0l6Y+NRCYIBCAwhgAGgAUBgTQEtpG0r6QZx4VfX9I5aSTVHnUdSeeOi/I7SbtLCmPAgAAEGiSAAWgQNqEgIOmD5bf+padA42ZJK0t6smO0ppN0WZn/5FK7onwa8KOO5U06ELAlgAGwLQ3COkbgteUH/w595BVPBvbp47o2XRK/+cc+h4lGXHOopL9OdCH/HQIQGI0ABmA0ftwNgX4IbFI+5p6rn4vLb/+rSPpBn9e7X7awpPiG/4Y+hd4jaU9JF/d5PZdBAAJDEMAADAGNWyDQJ4EFJO0tadU+r++9LH4rX2+I+xxvOVPSBkMIO0PSIZLuG+JeboEABCYggAFgiUCgegLx7yoeZcfj/lePMP0nJZ06wv0Ot8YHfxiAYccz5dOALxdm6oVhJ+E+CEBgUgIYAFYFBKolsHbx+/XnJMVj71HHXZJWlPT4qBMluv+NBYfLK2Jxffk04KpEuRAWAp0jgAHoXElJKBGBuSXtJil+769yHCbp81VO2OBc8RQkNv9VOb4kKZ4G/KrKSZkLAjkSwADkWHVyrppAfOP/jKRZq55Y0t8lxYbAa2qYu84p43XH6PQ3bQ1BHi6fBkRHQQYEIDAkAQzAkOC4DQLl4/n4nX+5mmlcKuljNceoevrzJMXPIXWOC8unAd+vMwhzQ6CrBDAAXa0sedVJYGZJOxev621fvNv/kjoD9cy9XfEa3bENxRo1TGxePHnUSfq8/1/l04D4WeD3fd7DZRCAQNGKFAPAMoDAYAQ+VT7uf89gt4189c/LJw2/HHmmeieIn0GulPTuesNMMvtt5dOAsxqOSzgItJYABqC1pUN4wwQWK7/xr9tw3N5wxxUH52ybMH4/ob9YvgXRz7V1XBOvHMbTgNvrmJw5IdAlAhiALlWTXOogED3sY4NfPO4ff3BPHfEmmjP2AsSeAMfxEZPNinHAUJiA+L+/OIJCEwQcCGAAHKqABlcCa5Yf/ksaCbxW0jJGenqlfEvSR420fa80ARcZaUIKBGwIYABsSoEQQwKzS7p3xG5+daS1i6R41O40tpYUP1E4jfj2H3sRHnEShRYIuBDAALhUAh2uBHaSdISZuEfLpwD3m+h6m6R4MvEWEz3/kRG1O9JME3IgYEMAA2BTCoQYE4hT+WIToNM4rfhmu5mJoKPKPRImcl6UcVOxHyGaETEgAIEpEMAAsDQgMDGB+M09utq5jXWKR9znJxYVZxXEUb9uIzYkftdNFHog4EQAA+BUDbQ4EzihOJRnSzOBt5TfcqMZTooRTZCiRfHSKYJPJeZXJG1jpgk5ELAjgAGwKwmCTAm8qdwQ6PAqYC+i/YpjcvdOxCzaILv9xh6vAMbGvz8lYkJYCLSGAAagNaVCqAEBx53uT5XfwO9smM87Jd1g0huhN/V4SsMhQQ0vBsK1kwAGoJ11Q3U6AvG7stsj7zh4p+kOhSdJirbITuM7kpZ3EoQWCDgTwAA4VwdtjgSWkOR4+txGkqINbhNjNUkXNxFowBjvL05ovHXAe7gcAtkSwABkW3oSH4GA42tvd5evKj47Ql793PrK4glIdNhbuJ+LG7zmMEmfbzAeoSDQegIYgNaXkAQSEIgPwTidb5YEsacWsokPwS9IOtgs7zghcR5JfzfThRwIWBPAAFiXB3HGBJo8875fDM9L+pCkeD2wjjF/Ofcr6ph8hDk3kPT1Ee7nVghkSQADkGXZSboiAtEAJxrhOI3LajyQ52xJ6zklW+5FWMNME3Ig0AoCGIBWlAmRpgTeJ+k2Q21bFD9PxC79Kke8ZXBOlRNWNNe8ku6paC6mgUBWBDAAWZWbZGsgcKjh5rNfSFq0OMr4iYryfX3ZW/9dFc1X1TT7SNq3qsmYBwK5EcAA5FZx8q2DQHzgxol4TuOYwgB8piJBB0javaK5qpomjmmOjn8MCEBgSAIYgCHBcRsEegh8QtJZhkSWKl/ZG0XaIqbv1kcvgktGSYx7IZA7AQxA7iuA/KsiEI1x4kPJaUTXwjgVb5RxqaRVRpmghnvDbG1Yw7xMCYGsCGAAsio3ydZI4B3FDvn7a5x/2Km3k3TskDdvJumUIe+t87Y5JMW7/wwIQGAEAhiAEeBxKwTGEYgNaXuZUXms7NoX/zvIiNMP4w2H2Qe5qYFrd5Z0RANxCAGBzhPAAHS+xCTYMIGfGm5Oi9Px4pS8QYZju+MfSYpXLxkQgEAFBDAAFUBkCgj0EIimNBcaElmhOCvgqj51RTfB6/u8tsnLlpV0TZMBiQWBLhPAAHS5uuSWioBjx7ybJS3eJ5DrCgMQbxA4jRMkbeUkCC0QaDsBDEDbK4h+RwIzSfqVpGnMxH1O0uETaIreAUeb6f5HefDSH8x0IQcCrSaAAWh1+RBvTGBXSQeZ6fuzpAUlPTQFXbMVrzLeKWkGM93xzT+eADAgAIEKCWAAKoTJVBAYRyA2rcUHrtM4Q9LGUxB0sqQ45dBp3ChpCSdBaIFAVwhgALpSSfJwJLCMpKsNhU2ui97KxQ77OEnQbcS+hdi/wIAABComgAGoGCjTQWAcgdOKpjWbmFH58WSeTMQ7/26v2MX7/vHePwMCEKiBAAagBqhMCYEeAq8p3sF/vNh8F//rNPaUFIf8xNit2LB4oJM4SbFfYebipMVnzXQhBwKdIYAB6EwpScSYwPaSorGO04id9fOVgmLj38udxBUbFTcqTlg800wTciDQKQIYgE6Vk2SMCdw0wHv4TaVxnqQXJK3bVMA+48S+ieX6vJbLIACBIQlgAIYEx20QGJDAopJuGfCeXC+PJxN355o8eUOgKQIYgKZIEwcC0vGSPg2IqRKIfQmxP4EBAQjUTAADUDNgpofAOALRze4NUJksgd9Kii6KDAhAoAECGIAGIBMCAj0ENpN0CkQmS2BNSRfBBgIQaIYABqAZzkSBQC+BayV9GCRjCFxStCGOBkUMCECgIQIYgIZAEwYCPQTeJekeiIwhMJekB2ECAQg0RwAD0BxrIkGgl0B0udsJJC8S2N3w4CRKA4HOE8AAdL7EJGhM4NeSZjXW14S0hyXN2UQgYkAAAmMJYABYERBIR2BtSdGMJ+exgqSrcgZA7hBIRQADkIo8cSHw/wlcLmmlTGGcI2n9THMnbQgkJ4ABSF4CBGROIH4CiJ8Cchzxzn+8+8+AAAQSEMAAJIBOSAiMI7BP0ZN/78yo7Gh4QFJmJSDd3AlgAHJfAeTvQuDnkuJVuBxGvAI5bw6JkiMEnAlgAJyrg7acCCwv6cpMEl5C0o2Z5EqaELAlgAGwLQ3CMiRwvqS1Op73aZKiHTIDAhBITAADkLgAhIdAD4HpJD3VcSKvk/RMx3MkPQi0ggAGoBVlQmRGBKI7YHQJ7OKIo5C/2sXEyAkCbSSAAWhj1dDcdQI/lfTujiV5e9HzYOGO5UQ6EGg1AQxAq8uH+I4SWFzSTR3LbUFJP+5YTqQDgVYTwAC0unyI7zCBUzq0We44Sdt2uFakBoFWEsAAtLJsiM6AwEsk/U3SNC3P9XlJ0xaNjl5oeR7Ih0DnCGAAOldSEuoQgc0lndjyfDYuTvs7o+U5IB8CnSSAAehkWUmqQwRukbRoS/O5QdKSLdWObAh0ngAGoPMlJsGWE3iPpLtbmsM8xWl/D7RUO7Ih0HkCGIDOl5gEO0DgKEnbtyyPwyV9rmWakQuBrAhgALIqN8m2mMDTRYOg17ZEf3QznL4lWpEJgWwJYACyLT2Jt4zAepLObonmtYvT/i5oiVZkQiBbAhiAbEtP4i0kcHVxit4y5rq/IylONmRAAALmBDAA5gVCHgR6CLxF0i/NiYTGR8w1Ig8CEJCEAWAZQKBdBPaXtIep5NC2l6k2ZEEAAuMIYABYEhBoH4HHilP1ZjKT/XjRtGhmM03IgQAEpkIAA8DygEC7CMSJej80lbyIpNtMtSELAhDgCQBrAAKtJnCnpPlMM7hL0vym2pAFAQhgAFgDEGgtgThR7xhz9dtJOtZcI/IgAAE2AbIGINAaAnGi3nMtUfvK8iTDlshFJgTyJMAegDzrTtbtI3CmpA1aIvssSRu2RCsyIZAtAQxAtqUn8RYRWErSdS3SG1JD8/daphm5EMiKAAYgq3KTbEsJ/FzSXC3THprf3jLNyIVAVgQwAFmVm2RbSGAXSYe0UHdIDu1fbKl2ZEOg8wQwAJ0vMQm2mMCMkv7YYv0hPXJ4ouU5IB8CnSSAAehkWUmqIwQukrR6y3OJHNZseQ7Ih0AnCWAAOllWkuoAgZUlXdaBPCKFyOWKjuRCGhDoDAEMQGdKSSIdI+DY739YxJHLLMPezH0QgEA9BDAA9XBlVgiMQmA/SXuOMoHhvZHT3oa6kASBbAlgALItPYmbEphd0q9MtY0qK3L79aiTcD8EIFANAQxANRyZBQJVEbhK0nJVTWY2T+S2gpkm5EAgWwIYgGxLT+KGBNaRdK6hriolrS3pgionZC4IQGA4AhiA4bhxFwTqIPBnSa+rY2KjOZ+SNL2RHqRAIFsCGIBsS0/iZgSOkLSTmaa65Bwu6XN1Tc68EIBAfwQwAP1x4ioI1EngnZLurTOA4dzzSHrAUBeSIJANAQxANqUmUWMCN0r6gLG+OqTdIGnJOiZmTghAoD8CGID+OHEVBOoisKmkU+ua3HzejSWdYa4ReRDoLAEMQGdLS2ItIfC8pGlaorVqmf+Q9PKqJ2U+CECgPwIYgP44cRUE6iBwgqQt65i4RXMeL2nrFulFKgQ6QwAD0JlSkkjLCLyvOCTntpZprkvuQpLuqGty5oUABCZPAAPAyoBAGgI/ljR/mtB2UePDP0wAAwIQaJAABqBB2ISCQElgW0nHQGMMgfgZIH4OYEAAAg0RwAA0BJowECgJTCvpOWhMlkCw+TtsIACBZghgAJrhTBQI/IfAmZI2AMdkCZwuaRPYQAACzRDAADTDmSgQCAIfknQ9KKZKYAlJ0RiJAQEI1EwAA1AzYKaHQA+Bn0maGyJTJXB/cSJitEZmQAACNRPAANQMmOkhUBLYRdIhZjR+V+p5s5munSXF4UgMCECgRgIYgBrhMjUESgIzSvqjIY3/NOD5iqG2GSQ9aagLSRDoDAEMQGdKSSLGBC6StLqZvmskLVtqurr43X0ZM30XSFrbTBNyINApAhiATpWTZAwJrCTpckNdvZvt4iRCx413K0i6ypAdkiDQCQIYgE6UkSSMCTwqaWYzfUdK2mmcpvjNffz/X2rZvy5OSpw9tQjiQ6CrBDAAXa0seTkQ2E/Sng5CejT8StJ7iw/7p8fpel3xM8Vdkt5qpndvScGRAQEIVEwAA1AxUKaDQEkgvrnGh63b2EzSaVMQFU14pvTfUuYxq6R4ksKAAAQqJIABqBAmU0Ggh0D8dr2cGZHLJH10Ak3f6uOaptO6ojg5ceWmgxIPAl0ngAHoeoXJLwWB2L1+XorAE8SMI4h/NME1C/ZxTYrU1pB0cYrAxIRAVwlgALpaWfJKSeAJSdOnFDCZ2AdL2q1PTQdI2r3Pa5u67E+S3tBUMOJAIAcCGIAcqkyOTRJw3E3/QLnx7/k+QUxTbgh0a8l7qKQv9JkDl0EAAhMQwACwRCBQHYH4wLy3uukqm2l9SecMONu6Q9wzYIihLn+7pJ8PdSc3QQACYwhgAFgQEKiOQDTTiaY6TmOUjnrnFoZmHadkJH2vOFFxKTNNyIFAKwlgAFpZNkQbEnB8he6fkuYvWureMySveKJxt6SXDXl/XbdtKOmsuiZnXgjkQgADkEulybNuAn+T9Iq6gww4/16S9h/wnvGXx2bA2BToNIL1K50EoQUCbSSAAWhj1dDsRuAESVuaiYqufvHtv4oRrw7G64FO41hJ2zkJQgsE2kYAA9C2iqHXjUC8W3+bm6jy9MFvVqTrY5IuqWiuKqcJgxNGhwEBCAxBAAMwBDRugUAPgR9X+E27KrBnStqoqsnKeb4maeOK5xx1ujBei4w6CfdDIFcCGIBcK0/eVRDYpmhOE4+incZfSkPyYMWi4pCg2BD42ornHXW6+OnlxFEn4X4I5EgAA5Bj1cm5CgKx4S82o7mNz0s6rCZRcVxwNDpyG9NK+rubKPRAwJ0ABsC9QuhzJXCGpHgdzWncImmxmgU59jo4VdIna86b6SHQOQIYgM6VlIQaIPChohnN9Q3EGTTEipKuHPSmAa9fVtJ3BrynicsXl3RzE4GIAYGuEMAAdKWS5NEkgeitHy1pncZJkrZoSNDxkj7dUKx+w0QL5nf3ezHXQQACEgaAVQCBwQjEb+xxKI3T+GO58e/RhkS9udwQ+KaG4vUbJvYoHNnvxVwHgdwJYAByXwHkPwiBGYrmM3Esrdv4jKRjGha1laSvNByzn3BxDPNT/VzINRDInQAGIPcVQP6DELiw+Oa7xiA3NHBt7EVYuoE4kwtxtaRlEsWeUtg4wGg9M03IgYAlAQyAZVkQZUhgJUmXG+qKD/9UGxI/KOkGQyaxUfEaQ11IgoAVAQyAVTkQY0zgEUmzmemLx/7x+D/l+JKkHVMKmEzsX0qaw0wTciBgRwADYFcSBBkS2FdSnKznNGLD33sLA/BEYlGvl3SnpLck1jE+/B6SDjTThBwIWBHAAFiVAzGGBOJbf3z7dxvxyl+8+ucwNikMwGkOQsZpmKV4NfIxQ11IgoAFAQyARRkQYUwgGussb6YvNEXTH6fxLUkfdRIk6VJJcZIhAwIQmAwBDADLAgJTJrC2pPMMAb2/MAC3mulaSNLtZppCzqqSwpwwIACBcQQwACwJCEyZQDTYmdEMUBz0E82IHEf85r6bmbA/FP0K3BoWmSFCTq4EMAC5Vp68JyJwuKTPTnRRw/89jviNjX/PNhy333CvLB653yFpnn5vaOi6gw2NSUOpEwYCUyaAAWB1QGBSAvEBdp8hmDh98CxDXb2S1i0MwDmGGueW9AtDXUiCQDICGIBk6AlsTCCa20STG6dxsWEXwinxiW586zjBk/TdomnRR8w0IQcCSQlgAJLiJ7ghAcdX2v5V7GiPTXZ3GfKanKR3lVpfZqb345LONtOEHAgkI4ABSIaewKYE/irpVWba9pO0t5mmieREI579J7qo4f8etX1NwzEJBwFbAhgA29IgLAEBx3PufyppvqIT4b8T8Bgl5EvK1wIXGGWSGu49ujgtcIca5mVKCLSOAAagdSVDcE0EXN9jj14EF9SUc93TRhOeS+oOMsT8YajuHuI+boFApwhgADpVTpIZgcCPioYxC45wfx23xu/V8bt1m8fXJG1slsAtkhYz04QcCDROAAPQOHICGhLYRtKxZrri9+p4KvGAma5B5cxZHhb02kFvrPn6TxWnO55Scwymh4A1AQyAdXkQ1wCBV0j6WwNxBg0RHfWigU0XRjRUisZKTuMFSdMWDYKedxKFFgg0SQAD0CRtYjkSOENSNNhxGtFTf2EnQRVouUnS4hXMU+UUJ0vavMoJmQsCbSKAAWhTtdBaNYElJX2v6kkrmC9O1busgnmcpli2MADfcRJUaom9ALEngAGB7AhgALIrOQn3ELhX0jvNiJwmaTMzTVXJcXzN8ifl+QpV5cg8EGgNAQxAa0qF0IoJxIl6h1Y856jT/al8E+GRUScyvX+W8rAgt9P5tpf0ZVNmyIJAbQQwALWhZWJjAjNIig9bt7GTpCPdRFWsZ2tJx1U8ZxXTTV80CHqqiomYAwJtIYABaEul0FklgQsND9a5UdISVSZpPNc1hgfzfEPSJ4yZIQ0ClRPAAFSOlAnNCawo6QpDjcsUBuBaQ111SIqTFuPERbcRpwXGqYEMCGRBAAOQRZlJsofALyW9xYxIbI6LR+M5jS9J2tEs4QclzWWmCTkQqI0ABqA2tExsSGDf4lCdvcx0PVpu/Pu9ma665cwoKdovu5mxXYsGQYfUnTzzQ8CBAAbAoQpoaILAbMXrdY6767eSdEITAAxjbCrpVENd8bbCY4a6kASBSglgACrFyWTGBL5dNHxZwUxfbIaLBjk5j0uLY4NXMQMQJxiuZqYJORConAAGoHKkTGhIYC1J5xvqis1w0SI35/E+SbcZAuhiN0ZDzEhKSQADkJI+sZsi8DtJbs1nYhNcHJLDkA4sDuWJw4+cxm8lzeQkCC0QqJoABqBqosznRiBOoXP7oI3d5gtKetoNViI9rymfAsyTKP6Uwh4gaU8zTciBQGUEMACVoWQiQwLxgXKfoa7Y/PY1Q10pJa0n6eyUAqYQe25JvzDUhSQIjEwAAzAyQiYwJhAn/cWJf04jNr19zEmQkZbzJK1tpCekXC1pOTNNyIFAJQQwAJVgZBJDAhsbfsv+l6RFy/ffDZEllzRvsfv+TkkvTa5krIB1JYU5YUCgUwQwAJ0qJ8n0EHhGUvy27DQOkrS7kyBDLXsUBmB/M12xV2M6M03IgcDIBDAAIyNkAkMCjufO31Nu/HvekJeTpGkk3SppASdRknhrw6wgyBmdAAZgdIbM4EVgoaKxzO1ekl5Us76kcwx1OUpaVdI3DYXNV5wiebehLiRBYCgCGIChsHGTMYEfSlrYTF80IVrHTJO7nNMlbWQmMpo2RfMmBgQ6QQAD0IkykkRJIE7UO86Mxl/LjX/xEwCjfwLx+t0dhvs4NisOMDqt/zS4EgK+BDAAvrVB2WAEXi7pWcMd5HH6oNumtsHIprs6GjhFIyenEW9yvKroXMheDqeqoGUoAhiAobBxkyGBMyRtaKYrjruNXveM4QnEY/fFh7+9lju/KunTtczMpBBokAAGoEHYhKqNQDT7iaY/bmN1081sbpympiea8FxlKHix4nTJWwx1IQkCfRPAAPSNiguNCfy0OO3v3Wb6zjTcxGaGqG85J0jasu+rm7kwGha5varYTOZE6QwBDEBnSpltIp8rfpP9oln2f5K0SGEAHjLT1VY5s5evdr7RLIFtDTedmiFCjjMBDIBzddA2EYHpJT0x0UUJ/vvnJR2WIG6XQzq+4RG8Yw0+1WXw5NZdAhiA7tY2h8zi/fq1zBLlXfH6CnKNpI/UN/1QM/NTz1DYuMmBAAbAoQpoGIbAisVj9iuGubHme1Yw3bRWc9qNTO+62TNMyXcbIUAQCFRIAANQIUymapTAg5LmbDTixMFOkrTFxJdxxQgEjiweue8wwv113PozSe+oY2LmhECdBDAAddJl7roI7CNp77omH3LeR8uNf48NeT+39UfgzZKi3XNsDHQauxhuRnXigxZDAhgAw6IgaaoEZpX0a0NG20k61lBXFyVtWhiAUw0Tm6V4AoQBNCwMkiZPAAPAymgbgcuLb4ArmYmO33/dNqeZIapczqXFq4GrVD7raBNeJGnN0abgbgg0RwAD0BxrIo1OIHb8x85/t7GUaSdCN05V6lnUtBPfR4v2z5dVmShzQaAuAhiAusgybx0EHpf0v3VMPMKcX5a0/Qj3c+vwBA6StOvwt9dyZ+wFiZ+pGBCwJ4ABsC8RAksC0VhnZzMa8SZCdPxzbEZkhqoWOa+XdLOkeWqZffhJ9y1ujY2qDAhYE8AAWJcHcSWBeMXqfkMamxff9k421JWTpPWKV/DONkx4ruJ0yjCIDAjYEsAA2JYGYT0EYpPd0mZEognRymaacpVznqS1zZK/UlI0q2JAwJYABsC2NAgrCWws6WtmNP4l6QPFH/h4ipLrAAAgAElEQVRbzXTlKmf+8rCgl5oBWMd006oZJuSkIoABSEWeuP0SiINWpuv34oaui9MHo/ELw4fAHpL295HzopInJc1gpgk5EPgvAQwAi8GZwFckbWUm8F5JC0t61kxX7nKmlfQDSQuYgThcUhxZzYCAHQEMgF1JEFQSWFDSjwxpbCjpLENdSJJWk3SxIYj3Fg2CfmKoC0mZE8AAZL4AjNO/RVI0e3EadHpzqsbktZwuaSMzmTcUpwXGSYYMCFgRwABYlQMxJYGtJR1nRuOv5ca/u8x0IWcsgXeWhwW9xgzMJpLCnDAgYEMAA2BTCoSUBF4u6RlJ8b9OYz/DEwid+Dhp+ayk+O3daTxfaApT8g8nUWjJmwAGIO/6O2Z/mqT4tuQ07ij6u7+vMAAvOIlCyxQJxN+1GyUtbsYoNrVuY6YJORkTwABkXHzD1JeQ9H1DXdFk5gJDXUiaMoFowhPNmtzG++kf4VaSfPVgAPKtvWPm8ft67Jh2Gt+Q9AknQWjpm8AJkrbs++pmLow3W+JpEgMCyQlgAJKXAAElgXhXOhrsOI045GcxST9zEoWWvgnMUX7bfmPfdzRzYWxyPb6ZUESBwJQJYABYHQ4Epjc9UW83SQc7AELD0AQc3yiJZOIkwz8PnRU3QqACAhiACiAyxcgEzpUUfdOdRnSVi37/jPYTuEbSR8zSiPMtNjXThJzMCGAAMiu4YborFA1/vm2oa5Wi5e/lhrqQNDiBD0u6dvDbar8jdF1XexQCQGAKBDAALI3UBH5etNaNs9OdxqmSPukkCC0jEzhS0g4jz1LtBPdLisZFDAgkIYABSIKdoCWBfQyb6zxWbvx7hCp1isDMkm6WNLtZVjtLOsJME3IyIYAByKTQhmnOWnzL/rWhrh2LDVpHGepC0ugENpN0yujTVD5DmJPHK5+VCSEwAQEMAEskFYFvFaf9fTRV8CnE/a7hZjEzRK2Xc6mk2N/hNM433ATrxActNRHAANQElmmnSmBN0856y5huFmM5VUcg3uyINsFug02nbhXJQA8GIIMiG6b4G0mzmOmiT7tZQWqUc5CkXWucf5ipY8/JW4a5kXsgMCwBDMCw5LhvWALR7S+6/jmNh8qNf793EoWW2gjMKOkmSe+oLcJwE+8laf/hbuUuCAxOAAMwODPuGJ5A/MGNV5/cxlaSom88Ix8Ccb7DWYbpxiuxDxrqQlIHCWAAOlhU45QcO7LFiXErGzNDWn0EzpMUJz06jWg+5bZJ0YkPWiokgAGoECZTTZXARpJON2P0b0lLlo+DzaQhpwECC5WHBb20gViDhIi22PFmAAMCtRLAANSKl8l7CMTJenHoj9P4kqTPOglCS+ME9pS0X+NRpx7wT5LeYKYJOR0kgAHoYFENUzpG0rZmuu6V9P7CADxjpgs5zRJ4TdH74QZJ8zcbdsJoh0r6woRXcQEERiCAARgBHrf2RWDBouHPj/q6stmL4iS2OJGNAYG1TB+5v1fSTygPBOoigAGoiyzz/odAvG61uBmOi4o/rNGMiAGB/xCI/SmxT8VpXC9paSdBaOkWAQxAt+rplk28XhcNdpzGs0W3vyUk3eEkCi3JCcxbHhYUPwk4jU0MN8868UHLCAQwACPA49apEphG0tOSpjXjFF3gdjfThBwPAnEy32EeUv6r4jlJ0xVr9h9mupDTAQIYgA4U0TSFOHUtTl9zGvGtPzb+8cfUqSo+WsK0fq/sCumjSopNtJ9xEoSWbhDAAHSjjm5ZxCP277uJKroQrifpXENdSPIhEE144sRAtxHG9VY3UehpNwEMQLvr56r+x4avVX1DUrR/ZUBgIgLRFnrLiS5q+L//UNKiDcckXMcJYAA6XuAE6Tn+jhpNiOKpRLz737XxQuKEuvg3ZO6yO+QbE7MdH35rScebaUJOiwl08R9vi8vReumvl/SkYRbR7e0AQ11VSMIAVEFx0jm2k/TleqYeadb4N/bnkWbgZgiUBDAALIUqCcRj9vWrnLCCuX4g6QMVzOM6BQagvspcW+xl+XB90w8186mSPjnUndwEgXEEMAAsiaoIrFD8RvntqiarcJ7VJF1S4XxuU2EA6qvIskUTq+/UN/3QM4cpuW7ou7kRAjwBYA1UTOB+Se+oeM5Rp8vh2xIGYNRVMvX7j5S0Q70hBp79HknRuIgBgZEI8ARgJHzcXBLYS9K+ZjQeKzf+PWSmq2o5GICqiY6db/bysKD4X6cRm22PcBKElvYRwAC0r2ZuimeR9Bs3UZI+J+lwQ11VS8IAVE100vk2l3Ri/WEGjjBz8bri4wPfxQ0QKAlgAFgKoxL4pqRVR52k4vu/W3xr+0jFc7pOhwFopjKXSVq5mVB9RznHcNNt3+K5MD0BDED6GrRZQZyod4FhArEh8SpDXXVIwgDUQXXSOZcs2wQ3E63/KNG58PL+L+dKCPwfAQwAq2EUAo9Imm2UCWq4N04f3KaGeV2nxAA0V5k4SGrX5sL1FelhSXP2dSUXQWAcAQwAS2JYAgdL+sKwN9d0X2z4i45/sQEwl4EBaK7SbyrPuHB72yU24e7fHAYidYUABqArlWw2j7cXvz0+0GzIvqJF97Zj+7qyOxdhAJqt5UaSTm82ZF/R5pL0YF9XchEESgIYAJbCMATi9/XlhrmxxnuuMNykVWO6/50aA9AE5bExzpe0VvNhpxoxTjD8mJkm5JgTwACYF8hQnuM3oH+XLVvjLPfcBgag+YrHqXzRYvolzYeeasR1JIU5YUCgLwIYgL4wcVEPgT8Uj9nfYEYkurXtZKapKTkYgKZIj42zd/H/3CdN6ClG/X1xWuCbzTQhx5gABsC4OIbSjpb0GTNdccTvB01PIWwCFQagCcqTxphO0vWS5k8TfopRDzF8U8EMEXL+QwADwFrol8ACxW+Md/R7cYPXRZe2kxuM5xYKA5CuIutKimY8buO9kn7iJgo9fgQwAH41cVV0Q/lN20nfRcUfumhGlPPAAKSt/hnF7vsN00qYJHocY7yMmSbkGBLAABgWxVDSp4vfFo830/Vs0ZltaUk/NNPVtBwMQNPEx8aLnwBulPTqtDImib6J6euKZpjyloMByLv+/WQ/Tfn7utsfuGhEtFs/CXT8GgxA+gLvIil+e3caf5E0vaR/OolCixcBDIBXPRzVxClo8Tu704i9CLHx7zknUYm0YAASge8JO62kOIBqsfRSxiiITbs7mGlCjhEBDIBRMQylxIds/PbvNjaQ9HU3UYn0YAASgR8XdjVJF3tIGaMiehbk/jOZYVk8JGEAPOrgquJ2SQuZiTtb0sfNNKWUgwFISX9s7K8W51Bs4SPnRSW3GD6ZMEOUrxwMQL61nyjzaKxzxEQXNfzfnyg3/t3dcFzncBgAn+rMUz4xc2uUtZWkE3wwocSFAAbApRJeOl5fNPyJD1u39RHd1/bzQpVcDQYgeQnGCIjf3KMzpdOINRL/pp92EoWW9ATc/sCnJ4KCIHCWpE+YobhZ0gckpf7AM8OSnAd/Q8auiOBxTXk2hdNaOcnw5wknPllq4R9vlmWfatLLS7rSEEucvnahoa7UklIbIv6GTLoCVpQUp1O6jeibEe2LGRB4kQD/eFkI4wlEb/13mmE5TdJmZppc5GAAXCoxVsdRRf+M7c2kxd6Z+cw0ISchAQxAQviGoXeXdICZrsfKjX8/M9PlIgcD4FKJsTrmKNZtHE89m5m8z0r6kpkm5CQigAFIBN4w7CySfmOoK7qsfdFQl4skDIBLJSbVEbvvv2IobyZJvzXUhaSGCWAAGgZuHC5+X1/DTN91hpupzBCxCdCtIOP0XCZpZTON0UQrmmkxMieAAch8AZTpxwe/4wa7VSRdTommSoAnAN4LJDbeRZtgtxGmxHGjohunTuvBAHS6vH0n97Ckt/Z9dTMXxumDWzcTqtVRMAD+5TtU0ufNZD5YvO47l5km5DRMAAPQMHDDcAcanqoXhmSpYuf/I4a83CRhANwqMqmemSXFz1lvN5O6p+GmXzNE3ZaDAeh2fSfKLv4gPTDRRQn+e7w+9eUEcdsYEgPQjqrFa6ynGEp9m6SHDHUhqQECGIAGIBuH+HZxWMgKZvpC00pmmpzlYACcqzNW2/mSoqGV0/impNWdBKGlOQIYgOZYu0XaUNIZZqL+LWk5Sdea6XKWgwFwrs5YbYuXhwW9xEzy2pIuMNOEnAYIYAAagGwaIt4DfrOZtjhEJU4hZPRPAAPQPyuHK+Mwq/jt3Wk8Lin2KTAyI4AByKzgZbrRCWxHs9TvKzZKfUjSH8x0ucvBALhXaKy+GcsnXG4teQ823Azcrsq2UC0GoIVFG1HyApLuGHGOOm7fsvgWcmIdE3d8TgxA+wr8cUnRjMdtvKfYo/BTN1HoqY8ABqA+tq4zx2lg8U3baVxs2IXQic/UtGAA2lKpsTpj/03sw3Ea35EUp4EyMiGAAcik0GWaW0j6qlnKz0laptj89wMzXW2RgwFoS6XG6lyoPCzo1WbyNzbcHGyGqDtyMADdqeVEmbxM0hOSXjvRhQ3/d357HA04BmA0finvdjx982lJsU/hnynBELsZAhiAZjg7RDlBUvzO7jR+XP4c8YyTqJZpwQC0rGA9cuPb/zWS3m+WwtGSdjDThJwaCGAAaoBqOOUHy/eP3aTxuHH0imAARmeYcoY1Td/BX7RoyPXDlGCIXT8BDED9jB0ixD/khR2E9Gg4W1LshmaMRgADMBo/h7tPkvQpByE9Gm4qnk7EFwdGhwlgADpc3DK16Kt/lFmaT5Yb/xxfRzRDNaEcDMCEiOwvmLc8LOgNZkq3khQ/HTI6SgAD0NHClmlNJ+mPxYlfsQHQaewtKTqiMUYngAEYnaHDDDtLOsxBSI+G2AgYGwJjYyCjgwQwAB0sak9KpxcnfW1kluLN5ca/f5jpaqscDEBbKzdWd5j0eA9/abN04ueJeH2Y0UECGIAOFrVMKRp6XGmY3rqSzjPU1VZJGIC2Vm5S3atIutQwnTAl0UCM0TECGICOFbQnnZ8Uu4vjt0WncZqkOBedUR0BDEB1LB1mOrY4D2MbByE9GuJ13QXNNCGnAgIYgAogGk6xq6SDzHTFiWPR8e9eM11tl4MBaHsFx+qfS9J3Jc1mltZnJcUhYowOEcAAdKiYZSpxrOejhmntIumLhrraLgkD0PYKTqp/22Lz3TGGac0kKY4RZ3SEAAagI4XsSeP84kSvtczSuk7Sh800dUUOBqArlRybx+VFI56VzFKLEww3MNOEnBEIYABGgGd46+qSLjLUtWrxG+K3DHV1QRIGoAtVnDSHZcu3AtyyW1nSFW6i0DMcAQzAcNxc7/qFpLeZiTte0tZmmrokBwPQpWqOzeWI4h38nczS+5mkd5hpQs6QBDAAQ4IzvC0a6+xppuvhcuPfQ2a6uiQHA9Clao7NJTYCxmFBbzdLMf7OHGCmCTlDEMAADAHN8Ja5i7764czdRrQh/rKbqI7pwQB0rKDj0tlc0omGKcaTRoy9YWEGkYQBGISW77WXSYrf5pzGtw03MTnxqUoLBqAqkr7zXChpDTN5FxtqMkPkLwcD4F+jiRTGiXqxO9dpxIfSCqabmJw4VaEFA1AFRe85liw78bn9vV7b9Chj72oaqXNbUEZoWiPlMUnxfq7TONJw85ITnyq1YACqpOk714GSdjOT9xvDhkVmiLzlYAC86zORusMlRYcup3GfpI9Iis5/jPoJYADqZ+wQ4U3lE7X5HMT0aDjY0JiYIfKVgwHwrc1EyuaXFD263caniycSX3UT1WE9GIAOF3dcanGyZ5zw6TbeUzQf+6mbKPRMTAADMDEj1yuiX7jb0aFsDGp+tWAAmmeeMuI3JK2fUsBkYl9V7vkxk4WciQhgACYi5PnfPynpZDNpz5V/BL5vpqvrcjAAXa/w2PwWkRSttV9llvbGks4w04ScCQhgANq3RF5WHBf6B0mvN5POb4FpCoIBSMM9ZdS9JO2bUsBkYj8pKfYp/NNMF3KmQgAD0L7lcZxha93YixAb/+KPAKNZAhiAZnk7RJtO0pXF/73fQUyPhqMl7WCmCTkYgM6sgQ8UrXVvNMxmE9PNSYaoKpeEAagcaSsmXFfSOYZKFy0agP3QUBeSJkOAJwDtWhY3G7r+s4s2xNGMiJGGAAYgDXeHqKdK2tRBSI+GGyRF4yJGCwhgAFpQpFLidoZ99eORf3T8w/GnW0cYgHTsU0eOngDXSpoxtZBx8beSdIKZJuTwBKC1ayB+8/u9pJebZbCP4WYkM0S1y8EA1I7YOsAukg4xU/j3ckPg02a6kDOOAE8A2rEkTpMUv7M7jfg5Ijb+xet/jHQEMADp2DtEnlZSHLy1lIOYHg0nSdrCTBNyMACtWwPLmh6qs56kc1tHs3uCMQDdq+mgGa0q6ZuD3tTA9dGo7PoG4hBiSAI8ARgSXIO33SXpvQ3G6ydUPJHYrJ8LuaZ2AhiA2hG3IsDxkqINt9O4XdLCToLQMpYABsB7RXxe0qFmEuOQn9j4d7eZrlzlYAByrfzYvOeRdHXRIXRWMxw7SYrTQRmGBDAAhkUpJc0s6VFDeV8wNCWGmBqThAFoDLV9oGjC4/hh+7+SfmdPL0OBGADfokeTj2j24TSiB/mHnQShRRgAFkEvgegQuLwZkrMkbWimCTnFK1wYAM9l8DFJlxhKW81UlyGqxiRhABpD3YpA8fNcvBXgNlYy1eXGqVE9GIBGcfcd7GeS5u776mYujMYe0eCD4UUAA+BVDwc1RxXncmzvIKRHw32S3mWmKXs5GAC/JRDNdfY2k/Vw+Vjx52a6kCN+AmARTEJgDklXGX6J2EPSgdTLhwAGwKcWoSS+9ce3f7cRm4vipC+GHwGeAPjVxEFRPK37ioOQcRrmlBRfKBgGBDAABkXokfAtSR/1kvTisaMrmmlCzv8RwACwGqZEIJoDRZMgp3GRpDWdBOWsBQPgU33H4z3jwyU+/ONxIsOTAAbAsy4OqqITXxwW5PZ3fi1JFzoAyl2D28LIuR6/NmziEZuJdsy5KC3IHQPQgiIllBiNxKKhmNP4laS3OgnKVQsGwKPyjv9IY9duvE8cxoThSwAD4FsbB2UzSS/+jOfWTvwgSbs7AMpZAwYgffXjTO8708uYREH0Ff+qoS4kjSWAAWBFTERgU0mnTnRRgv8+r6R7EsQlZEkAA5B+KUT/7mXSyxijIDYPrW6mCTmTJ4ABYGX0QyBO7lynnwsbvIYNxg3CnlwoDEDaAjg68+fKjX/fS4uG6H0SwAD0CSrzyxYvDwt6lRmHjSSdaaYpGzkYgHSlfll5QMYM6SRMNvIhknY104ScKRPAALA6+iWwn6Q9+724oev+KCkOC/pXQ/EI00MAA5BuORwjadt04ScbOfYiLCfpD2a6kIMBYA2MTiC+bMQ5AYuMPlWlM/C2UaU4+58MA9A/qyqvXKz4oP1BlRNWNNcmkk6vaC6maYYATwCa4dyVKB8vOo5+3TCZMCW3GerqtCQMQJry3iQpfpNzGnH88PpOgtDSFwEMQF+YuKiHwBmGx/N+X9KHqFKzBDAAzfKOaFtLOq75sFON+GS58e9WM13ImZgABmBiRlwxlsBCZXfPGc3A8OpxwwXBADQLfDpJj0t6ZbNhJ4wWJxDuO+FVXOBIAAPgWBV/TbsZnsz3bLkh8Bl/fN1QiAFoto4nF531PtlsyAmj3VJu/OMf3YSoLC/AAFiWxV7Uq8sNgUuYKT2x+JK0pZmmzsrBADRX2g+XB3M0F7G/SOtJiiYhjHYSwAC0s24OquNUvgschIzTsJQk+pA0UBgMQAOQyxB3SFqguXB9RfqapGhGxGgvAQxAe2vnoPwkSZ9yENKj4XZJC5tp6qQcDEAzZd1Z0mHNhOo7ym8lrVC0/L2r7zu40JEABsCxKu3R9O7ysKBZzSTvJOlIM02dk4MBqL+kM0t6tP4wA0f4QrEZMU4hZLSbAAag3fVzUP9ZSYc7CBmnIToE/s5QV2ckYQDqL+U3DN+vv17SspL+WX/6RKiZAAagZsAZTB9tyaNDoNuhZGcZ9ivo1HLAANRbzpUlXVZviKFmX63Yj3DJUHdykxsBDIBbRdqpZxVJlxpKX6k0J4bS2i8JA1BvDe+TNE+9IQae/YTisdpWA9/FDa4EMACulWmfLsfzSe6VFPsUGDUQwADUALWcMk7ditO3nMYvy41/DziJQstIBDAAI+Hj5h4Cc5XftuN/ncYehk2LnPgMrQUDMDS6qd74Nkm/qGfqkWbdQdLRI83AzW4EMABuFWm3njihNJ4EuI05JT3sJqrtejAA9VTwYknxO7vTuLLs9++kCS2jE8AAjM6QGcYSiH1LsX/JaVwkKRoXMSokgAGoEGY51dqSzqt+2pFnjHf+rxp5FiZwI4ABcKtI+/XE2wBXG6axlqQLDXW1VhIGoPrS/UrS7NVPO9KMR0nacaQZuNmVAAbAtTLt1hV9AaI/gNOIPUxzOAlquxYMQLUVPFhSNNhxGveXj/7jHw+jewQwAN2rqUNGs5UbAt124B8kaXcHQF3QgAGororvkXR3ddNVNhNnbFeG0nIiDIBlWTohanNJcTqf25hX0j1uotqoBwNQXdXi9/Xlqpuukpm+WfT6X72SmZjElQAGwLUy3dAVv7mvYZYKG5orKggGoBqQGxW/TZ1ezVSVzfK38p1/jtWsDKnlRBgAy7J0RtQS5ebhV5plFH9zzzTT1Do5GIDRS/ZSSY9LeuPoU1U6wyGSdq10RiZzJIABcKxKtzQdKGk3s5R+X/w8EQet/ctMV6vkYABGL1fssN9+9GkqneHOcuNfHPnL6DYBDEC36+uQ3ZvKDYELOojp0cDbTSMWBAMwGsBFig/aW0ebopa7NzH8SaKWRJlUGAAWQRMENpR0RhOBBowRf4NvG/AeLi8JYABGWwrflxS/kTmNcwyPH3bi0zUtGICuVdQ3n69L+riZvPgb/CEzTa2RgwEYvlTxet3xw99ey51PlY/+b6lldiZ1JIABcKxKNzXFt+1vS5rBLD1edR6yIBiA4cC9TtJjkl493O213bWPpH1rm52JHQlgAByr0l1Nexn+jflLuSHwme5iryczDMBwXKM5RjTJcBrxrX9FSfEUgJEPAQxAPrV2yDS+/MR7+Is5iOnREH+TtzTTZC8HAzB4iZYqfnO6bvDbar9jfUnx+z8jLwIYgLzq7ZDtOpLOdRAyTkP8babvyQCFwQAMAKu8NHacvm/w22q942uSNq01ApO7EsAAuFam27pONfybc7ukhbuNvdrsMACD8YwT9b402C21Xx3v+sej/3j3n5EfAQxAfjV3yHi+ckPgTA5iejTsJOlIM022cjAA/ZfmzeXGv5f0f0sjV8bpg4c2EokgjgQwAI5VyUPTLpKi46jT+He5IfB3TqJctWAA+q9M9J3eoP/LG7ny+vLbf/T9Z+RJAAOQZ90dsn5F+RRgaQcxPRrOkhSNixgTEMAA9LdE4hH7Ff1d2uhVcdJfnPjHyJcABiDf2jtkvqrp36CVSnPiwMhWAwagv9LE2dPv6u/Sxq46QdJWjUUjkCsBDIBrZfLRFQ3RohmP07hX0rudBDlqwQBMXJXdJR0w8WWNXvHL8tH//Y1GJZgjAQyAY1Xy0jRP+W37rWZp7yEpTjJkTIEABmDqS2MOSQ8Zrp54GyFOwmJAAAPAGnAgECeiOv5NmlPSww6AHDVgAKZelQslrWFWuOjCFXsSGBAIAhgA1oELgTgnYAUXMaWOiyStaabJRo6DAUj9B8ymGAiBAAQgAIGsCCT9DE4avCwzBiCr9U6yEIAABCBQEkj6GZw0OAaAfwQQgAAEIJAxgaSfwUmDYwAyXvakDgEIQAACST+DkwbHALD6IQABCEAgYwJJP4OTBscAZLzsSR0CEIAABJJ+BicNjgFg9UMAAhCAQMYEkn4GJw2OAch42ZM6BCAAAQgk/QxOGhwDwOqHAAQgAIGMCST9DE4aHAOQ8bIndQhAAAIQSPoZnDQ4BoDVDwEIQAACGRNI+hmcNDgGIONlT+oQgAAEIJD0MzhpcAwAqx8CEIAABDImkPQzOGlwDEDGy57UIQABCEAg6Wdw0uAYAFY/BCAAAQhkTCDpZ3DS4BiAjJc9qUMAAhCAQNLP4KTBMQCsfghAAAIQyJhA0s/gpMExABkve1KHAAQgAIGkn8FJg2MAWP0QgAAEIJAxgaSfwUmDYwAyXvakDgEIQAACST+DkwbHALD6IQABCEAgYwJJP4OTBscAZLzsSR0CEIAABJJ+BicNjgFg9UMAAhCAQMYEkn4GJw2OAch42ZM6BCAAAQgk/QxOGhwDwOqHAAQgAIGMCST9DE4aHAOQ8bIndQhAAAIQSPoZnDQ4BoDVDwEIQAACGRNI+hmcNDgGIONlT+oQgAAEIJD0MzhpcAwAqx8CEIAABDImkPQzOGlwDEDGy57UIQABCEAg6Wdw0uAYAFY/BCAAAQhkTCDpZ3DS4BiAjJc9qUMAAhCAQNLP4KTBqT0EIAABCEAAAmkIYADScCcqBCAAAQhAICkBDEBS/ASHAAQgAAEIpCGAAUjDnagQgAAEIACBpAQwAEnxExwCEIAABCCQhgAGIA13okIAAhCAAASSEsAAJMVPcAhAAAIQgEAaAhiANNyJCgEIQAACEEhKAAOQFD/BIQABCEAAAmkIYADScCcqBCAAAQhAICkBDEBS/ASHAAQgAAEIpCGAAUjDnagQgAAEIACBpAQwAEnxExwCEIAABCCQhgAGIA13okIAAhCAAASSEsAAJMVPcAhAAAIQgEAaAhiANNyJCgEIQAACEEhKAAOQFD/BIQABCEAAAmkIYADScCcqBCAAAQhAICkBDEBS/ASHAAQgAAEIpCGAAUjDnagQgAAEIACBpAQwAEnxExwCEIAABCCQhgAGIA13okIAAhCAAASSEsAAJMVPcAhAAAIQgEAaAhiANNyJCgEIQAACEEhKAAOQFD/BIXv8UmYAAAJJSURBVAABCEAAAmkIYADScCcqBCAAAQhAICkBDEBS/ASHAAQgAAEIpCGAAUjDnagQgAAEIACBpAQwAEnxExwCEIAABCCQhgAGIA13okIAAhCAAASSEsAAJMVPcAhAAAIQgEAaAhiANNyJCgEIQAACEEhKAAOQFD/BIQABCEAAAmkIYADScCcqBCAAAQhAICkBDEBS/ASHAAQgAAEIpCGAAUjDnagQgAAEIACBpAQwAEnxExwCEIAABCCQhgAGIA13okIAAhCAAASSEsAAJMVPcAhAAAIQgEAaAhiANNyJCgEIQAACEEhKAAOQFD/BIQABCEAAAmkIYADScCcqBCAAAQhAICkBDEBS/ASHAAQgAAEIpCGAAUjDnagQgAAEIACBpAQwAEnxExwCEIAABCCQhgAGIA13okIAAhCAAASSEsAAJMVPcAhAAAIQgEAaAhiANNyJCgEIQAACEEhKAAOQFD/BIQABCEAAAmkIYADScCcqBCAAAQhAICkBDEBS/ASHAAQgAAEIpCGAAUjDnagQgAAEIACBpAQwAEnxExwCEIAABCCQhgAGIA13okIAAhCAAASSEsAAJMVPcAhAAAIQgEAaAhiANNyJCgEIQAACEEhKAAOQFD/BIQABCEAAAmkIYADScCcqBCAAAQhAICkBDEBS/ASHAAQgAAEIpCGAAUjDnagQgAAEIACBpAQwAEnxExwCEIAABCCQhgAGIA13okIAAhCAAASSEsAAJMVPcAhAAAIQgEAaAhiANNyJCgEIQAACEEhK4P8B+2IlW+dvQ0AAAAAASUVORK5CYII=', NULL, 'camps', 'camps'),
	('2024-07-05 20:03:46.724419+00', 'desert', 'data:image/png;base64,iVBORw0KGgoAAAANSUhEUgAAAgAAAAIACAYAAAD0eNT6AAAAAXNSR0IArs4c6QAAIABJREFUeF7t3T3LpVlWgOE9gfgHVAxFEAQDQRhQNLAwMTASBDPBVDAwMpFREIzEXyCGgpgZicKUGKjgB8IECiYaKKKJiSAIbZ+uZmbsGu2eetfdc3atq0BMulc/z7XXec89u/rjC8cvAgQIECBAYJ3AF9a9sRcmQIAAAQIEjgCwBAQIECBAYKGAAFh46F6ZAAECBAgIADtAgAABAgQWCgiAhYfulQkQIECAgACwAwQIECBAYKGAAFh46F6ZAAECBAgIADtAgAABAgQWCgiAhYfulQkQIECAgACwAwQIECBAYKGAAFh46F6ZAAECBAgIADtAgAABAgQWCgiAhYfulQkQIECAgACwAwQIECBAYKGAAFh46F6ZAAECBAgIADtAgAABAgQWCgiAhYfulQkQIECAgACwAwQIECBAYKGAAFh46F6ZAAECBAgIADtAgAABAgQWCgiAhYfulQkQIECAgACwAwQIECBAYKGAAFh46F6ZAAECBAgIADtAgAABAgQWCgiAhYfulQkQIECAgACwAwQIECBAYKGAAFh46F6ZAAECBAgIADtAgAABAgQWCgiAhYfulQkQIECAgACwAwQIECBAYKGAAFh46F6ZAAECBAgIADtAgAABAgQWCgiAhYfulQkQIECAgACwAwQIECBAYKGAAFh46F6ZAAECBAgIADtAgAABAgQWCgiAhYfulQkQIECAgACwAwQIECBAYKGAAFh46F6ZAAECBAgIADtAgAABAgQWCgiAhYfulQkQIECAgACwAwQIECBAYKGAAFh46F6ZAAECBAgIADtAgAABAgQWCgiAhYfulQkQIECAgACwAwQIECBAYKGAAFh46F6ZAAECBAgIADtAgAABAgQWCgiAhYfulQkQIECAgACwAwQIECBAYKGAAFh46F6ZAAECBAgIADtAgAABAgQWCgiAhYfulQkQIECAgACwAwQIECBAYKGAAFh46F6ZAAECBAgIADtAgAABAgQWCgiAhYfulQkQIECAgACwAwQIECBAYKGAAFh46F6ZAAECBAgIADtAgAABAgQWCgiAhYfulQkQIECAgACwAwQIECBAYKGAAFh46F6ZAAECBAgIgJftwHedc37snPPFc873fN3/fffLxvqzCRAg8LkI/Mc555++7v/+7pzzJ+ecv/1c/ur+It9SAQHwzfP/4Dnn577ui/+bn+DPIECAwHML/PM550/POX90zvnt535UT/euAgLgs8t97znnFz7+v2//7H+aP5IAAQJXC/zhOee3zjmP/+/XeyQgAD7bYf7qx1/83/HZ/nB/FAECBN47gcdNwC+ec/7zvXuzpS8kAD794H/znPNLn/6H+SMIECDw3gv89Tnnp885//jev+mCFxQA//8h//GHvw/2Ewv2wCsSIEDgswr814d/b8CPnnP+6rP+Cf645xQQAP/3uXzwnEfmqQgQIPAUAt9/zvn7p3gSD/FOAgLgG7N95ZzzA+8k6k8iQIDAHoHHP/L8r3te9/16UwHw9nn+3jnnZ96vY/Y2BAgQSAQe/6jgT/obAxPbfKgA+N/Ej7/b/0u5ur8AAQIE3h+B3/c/mu48TAHwtXN7/HP+f3HO8Y/63bnLnpoAgW+dwOPW9BECfl0kIAC+dlj+cb+LFtejEiDwVAKvP/xXCL96qifyMJ8qIADeED3+9b6P//Xv3/D3qSvjDyBAgMA3FPj5c87vsLlHQAC8OSv/6/+enfWkBAg8p8Djf0T98HM+mqf6RgIC4I3K4+9kffxX/fwiQIAAgXcX+KFzzt+8+5/uz/w8BQTAm7/p798+T3R/LQIECLynAr9yzvn19/Td3rvXEgDn/NQ55w/eu5P1QgQIEPj8Bf78w/9q4I98/n9Zf8V3ERAA5/zGOeeX3wXPn0OAAAECbwl82znnv7k8v4AAOOd3zzk/+/xH5QkJECBwhcB3nnP+/YonXf6QAuCcP/N3ri7/FHh9AgQmBb7vnPMPkwPNagQEwDn/cs55/Act/CJAgACBlwt88Zzzly8fY0ItIADO8Z/9rbfMfAIENgk8/o2Aj38zoF9PLiAABMCTr6jHI0DgMgEBcMmBCQABcMmqekwCBC4REACXHJQAEACXrKrHJEDgEgEBcMlBCQABcMmqekwCBC4REACXHJQAEACXrKrHJEDgEgEBcMlBCQABcMmqekwCBC4REACXHJQAEACXrKrHJEDgEgEBcMlBCQABcMmqekwCBC4REACXHJQAEACXrKrHJEDgEgEBcMlBCQABcMmqekwCBC4REACXHJQAEACXrKrHJEDgEgEBcMlBCQABcMmqekwCBC4REACXHJQAEACXrKrHJEDgEgEBcMlBCQABcMmqekwCBC4REACXHJQAEACXrKrHJEDgEgEBcMlBCQABcMmqekwCBC4REACXHJQAEACXrKrHJEDgEgEBcMlBCQABcMmqekwCBC4REACXHJQAEACXrKrHJEDgEgEBcMlBCQABcMmqekwCBC4REACXHJQAuCcAXl+yUx6TAIFG4MebseNTBcA4aTNQANwVAI8Pll8ECOwTeHz5f/mS1xYAlxyUABAAl6yqxySwWkAArD7+5uUFgABoNstUAgQmBQTApKZZHwkIAAHgo0CAwPMLCIDnP6PrnlAACIDrltYDE1goIAAWHnr9ygJAANQ7Zj4BAi8XEAAvNzThEwICQAD4UBAg8PwCAuD5z+i6JxQAAuC6pfXABBYKCICFh16/sgAQAPWOmU+AwMsFBMDLDU3wWwBv7cAHl2zF498E6F8EdMlheUwCwwICYBjUOP8Y4GMHBIBPAgECzy4gAJ79hC58Pr8FIAAuXFuPTGCdgABYd+T9CwsAAdBvmb8CAQIvFRAALxX0578lIAAEgI8FAQLPLyAAnv+MrntCASAArltaD0xgoYAAWHjo9SsLAAFQ75j5BAi8XEAAvNzQhE8ICAAB4ENBgMDzCwiA5z+j655QAAiA65bWAxNYKCAAFh56/coCQADUO2Y+AQIvFxAALzc0wW8BvLUD/kVAPhYECDy7gAB49hO68PncALgBuHBtPTKBdQICYN2R9y8sAARAv2X+CgQIvFRAALxU0J//loAAEAA+FgQIPL+AAHj+M7ruCQWAALhuaT0wgYUCAmDhodevLAAEQL1j5hMg8HIBAfByQxM+ISAABIAPBQECzy8gAJ7/jK57QgEgAK5bWg9MYKGAAFh46PUrCwABUO+Y+QQIvFxAALzc0AS/BfDWDvgXAflYECDw7AIC4NlP6MLncwPgBuDCtfXIBNYJCIB1R96/sAAQAP2W+SsQIPBSAQHwUkF//lsCAkAA+FgQIPD8AgLg+c/ouicUAALguqX1wAQWCgiAhYdev7IAEAD1jplPgMDLBQTAyw1N+ISAABAAPhQECDy/gAB4/jO67gkFgAC4bmk9MIGFAgJg4aHXrywABEC9Y+YTIPByAQHwckMT/BbAWzvgXwTkY0GAwLMLCIBnP6ELn88NgBuAC9fWIxNYJyAA1h15/8ICQAD0W+avQIDASwUEwEsF/flvCQgAAeBjQYDA8wsIgOc/o+ueUAAIgOuW1gMTWCggABYeev3KAkAAFDv25WJoNPNVNNdYApMCAmBS06yPBASAACg+Co8AePzAuuGXz8ANp+QZBYAdGBfww08AjC/VOUcAFKpmbhYQAJtPP3p3ASAAitUSAIWqmZsFBMDm04/eXQAIgGK1BEChauZmAQGw+fSjdxcAAqBYLQFQqJq5WUAAbD796N0FgAAoVksAFKpmbhYQAJtPP3p3ASAAitUSAIWqmZsFBMDm04/eXQAIgGK1BEChauZmAQGw+fSjdxcAAqBYLQFQqJq5WUAAbD796N0FgAAoVksAFKpmbhYQAJtPP3p3ASAAitUSAIWqmZsFBMDm04/eXQAIgGK1BEChauZmAQGw+fSjdxcAAqBYLQFQqJq5WUAAbD796N0FgAAoVksAFKpmbhYQAJtPP3p3ASAAitUSAIWqmZsFBMDm04/eXQAIgGK1BEChauZmAQGw+fSjdxcAAqBYLQFQqJq5WUAAbD796N0FgAAoVksAFKpmbhYQAJtPP3p3ASAAitUSAIWqmZsFBMDm04/eXQAIgGK1BEChauZmAQGw+fSjdxcAAqBYLQFQqJq5WUAAbD796N0FgAAoVksAFKpmbhYQAJtPP3p3ASAAitUSAIWqmZsFBMDm04/eXQAIgGK1BEChauZmAQGw+fSjdxcAAqBYLQFQqJq5WUAAbD796N0FgAAoVksAFKpmbhYQAJtPP3p3ASAAitUSAIWqmZsFBMDm04/eXQAIgGK1BEChauZmAQGw+fSjdxcAAqBYLQFQqJq5WUAAbD796N0FgAAoVksAFKpmbhYQAJtPP3p3ASAAitUSAIWqmZsFBMDm04/eXQAIgGK1BEChauZmAQGw+fSjdxcAAqBYLQFQqJq5WUAAbD796N0FgAAoVksAFKpmbhYQAJtPP3p3ASAAitUSAIWqmZsFBMDm04/eXQAIgGK1BEChauZmAQGw+fSjdxcAAqBYLQFQqJq5WUAAbD796N0FgAAoVksAFKpmbhYQAJtPP3p3ASAAitUSAIWqmZsFBMDm04/eXQAIgGK1BEChauZmAQGw+fSjdxcAAqBYLQFQqJq5WUAAbD796N0FgAAoVksAFKpmbhYQAJtPP3p3ASAAotUydljgpi+A4Vc3jkAmsPo7cPXLf7xSH2SrNTv49Tnn1exI0y4SEAAXHZZHvUZg9Xfg6pcXANd8SD3oOQLAFhCYF1j9Hbj65QXA/KfJxExAAGS0Bi8WWP0duPrlBcDij/19ry4A7jszT/z8Aqu/A1e/vAB4/k+nJ/yqgACwDATmBVZ/B65+eQEw/2kyMRMQABmtwYsFVn8Hrn55AbD4Y3/fqwuA+87MEz+/wOrvwNUvLwCe/9PpCf0WgB0gEAqs/g5c/fICIPxYGT0t4AZgWtQ8Aues/g5c/fICwOf/IgEBcNFhedRrBFZ/B65+eQFwzYfUg/oXAdkBAoXA6u/A1S8vAIrPk5mRgBuACNbY1QKrvwNXv7wAWP3Bv+3lBcBtJ+Z5bxBY/R24+uUFwA2fT8/4sYAAsAoE5gVWfweufnkBMP9pMjETEAAZrcGLBVZ/B65+eQGw+GN/36sLgPvOzBM/v8Dq78DVLy8Anv/T6Qm/KiAALAOBeYHV34GrX14AzH+aTMwEBEBGa/BigdXfgatfXgAs/tjf9+oC4L4z88TPL7D6O3D1ywuA5/90ekK/BWAHCIQCq78DV7+8AAg/VkZPC7gBmBY1j4D/FsD6HfjgEoHX55xXlzyrx5wXEADzpiYSWP0/gle/vBsAn/6LBATARYflUa8RWP0duPrlBcA1H1IP6j8GZAcIFAKrvwNXv7wAKD5PZkYCbgAiWGNXC6z+Dlz98gJg9Qf/tpcXALedmOe9QWD1d+DqlxcAN3w+PePHAgLAKhCYF1j9Hbj65QXA/KfJxExAAGS0Bi8WWP0duPrlBcDij/19ry4A7jszT/z8Aqu/A1e/vAB4/k+nJ/yqgACwDATmBVZ/B65+eQEw/2kyMRMQABmtwYsFVn8Hrn55AbD4Y3/fqwuA+87MEz+/wOrvwNUvLwCe/9PpCf0WgB0gEAqs/g5c/fICIPxYGT0t4AZgWtQ8Av5jQOt3wH8MaP0KXAEgAK44Jg95mcDq/xG8+uXdAFz2Ud39uAJg9/l7+0Zg9Xfg6pcXAM0nytREQAAkrIYuF1j9Hbj65QXA8o/+Xa8vAO46L097h8Dq78DVLy8A7viEesqPBASARSAwL7D6O3D1ywuA+U+TiZmAAMhoDV4ssPo7cPXLC4DFH/v7Xl0A3Hdmnvj5BVZ/B65+eQGQfTofX1a3/Hp9yYPeFAC3mF5y9Fc+5i0/A1Z/B65+eQGQ/WD58se/Z539BQYH3/IZuCkAXn14/iJgcEkvG+Xzf8mB3fLDr+T0LwKa1/UDYN5UAMybmtgI+Pw3ruNTBcA5AmB8rY4fAPOmAmDe1MRGwOe/cR2fKgAEwPhSnSMAAlQBEKAamQgIgIR1fqgAEADzWyUAClMBUKiaWQgIgEI1mCkABECwVm4AAlQBEKAamQgIgIR1fqgAEADzW+UGoDAVAIWqmYWAAChUg5kCQAAEa+UGIEAVAAGqkYmAAEhY54cKAAEwv1VuAApTAVComlkICIBCNZgpAARAsFZuAAJUARCgGpkICICEdX6oABAA81vlBqAwFQCFqpmFgAAoVIOZAkAABGvlBiBAFQABqpGJgABIWOeHCgABML9VbgAKUwFQqJpZCAiAQjWYKQAEQLBWbgACVAEQoBqZCAiAhHV+qAAQAPNb5QagMBUAhaqZhYAAKFSDmQJAAARr5QYgQBUAAaqRiYAASFjnhwoAATC/VW4AClMBUKiaWQgIgEI1mCkABECwVm4AAlQBEKAamQgIgIR1fqgAEADzW+UGoDAVAIWqmYWAAChUg5kCQAAEa+UGIEAVAAGqkYmAAEhY54cKAAEwv1VuAApTAVComlkICIBCNZgpAARAsFZuAAJUARCgGpkICICEdX6oABAA81vlBqAwFQCFqpmFgAAoVIOZAkAABGvlBiBAFQABqpGJgABIWOeHCgABML9VbgAKUwFQqJpZCAiAQjWYKQAEQLBWbgACVAEQoBqZCAiAhHV+qAAQAPNb5QagMBUAhaqZhYAAKFSDmQJAAARr5QYgQBUAAaqRiYAASFjnhwoAATC/VW4AClMBUKiaWQgIgEI1mCkABECwVm4AAlQBEKAamQgIgIR1fqgAEADzW+UGoDAVAIWqmYWAAChUg5kCQAAEa+UGIEAVAAGqkYmAAEhY54cKAAEwv1VuAApTAVComlkICIBCNZgpAARAsFZuAAJUARCgGpkICICEdX6oABAA81vlBqAwFQCFqpmFgAAoVIOZAkAABGvlBiBAFQABqpGJgABIWOeHCgABML9VbgAKUwFQqJpZCAiAQjWYKQAEQLBWbgACVAEQoBqZCAiAhHV+qAAQAPNb5QagMBUAhaqZhYAAKFSDmQJAAARr5QYgQBUAAaqRiYAASFjnhwoAATC/VW4AClMBUKiaWQgIgEI1mCkABECwVm4AAlQBEKAamQgIgIR1fqgAEADzW3XO48vqll+vL3lQAdAc1OPL6pZfry55UAFwyUEJAAFwyaquf0wB0KzAB83Y8amPUBUA46xn9Xfg6pf/eJf8AJj/UJk4LyAA5k0fE33+513dAMybJhMFgB8AyWIZOi4gAMZJPxooAOZdBcC8aTJRAPgBkCyWoeMCAmCcVAA0pP4m4Mh1fKwAEADjS2VgIiAAElY3AAGrG4AAtRgpAARAsVdmzgsIgHlTvwXQmAqAxnV8qgAQAONLZWAiIAASVjcAAasACFCLkQJAABR7Zea8gACYN3UD0JgKgMZ1fKoAEADjS2VgIiAAElY3AAGrAAhQi5ECQAAUe2XmvIAAmDd1A9CYCoDGdXyqABAA40tlYCIgABJWNwABqwAIUIuRAkAAFHtl5ryAAJg3dQPQmAqAxnV8qgAQAONLZWAiIAASVjcAAasACFCLkQJAABR7Zea8gACYN3UD0JgKgMZ1fKoAEADjS2VgIiAAElY3AAGrAAhQi5ECQAAUe2XmvIAAmDd1A9CYCoDGdXyqABAA40tlYCIgABJWNwABqwAIUIuRAkAAFHtl5ryAAJg3dQPQmAqAxnV8qgAQAONLZWAiIAASVjcAAasACFCLkQJAABR7Zea8gACYN3UD0JgKgMZ1fKoAEADjS2VgIiAAElY3AAGrAAhQi5ECQAAUe2XmvIAAmDd1A9CYCoDGdXyqABAA40tlYCIgABJWNwABqwAIUIuRAkAAFHtl5ryAAJg3dQPQmAqAxnV8qgAQAONLZWAiIAASVjcAAasACFCLkQJAABR7Zea8gACYN3UD0JgKgMZ1fKoAEADjS2VgIiAAElY3AAGrAAhQi5ECQAAUe2XmvIAAmDd1A9CYCoDGdXyqABAA40tlYCIgABJWNwABqwAIUIuRAkAAFHtl5ryAAJg3dQPQmAqAxnV8qgAQAONLZWAiIAASVjcAAasACFCLkQJAABR7Zea8gACYN3UD0JgKgMZ1fKoAEADjS2VgIiAAElY3AAGrAAhQi5ECQAAUe2XmvIAAmDd1A9CYCoDGdXyqABAA40tlYCIgABJWNwABqwAIUIuRAkAAFHtl5ryAAJg3dQPQmAqAxnV8qgAQAONLZWAiIAASVjcAAasACFCLkQJAABR7Zea8gACYN3UD0JgKgMZ1fKoAEADjS2VgIiAAElY3AAGrAAhQi5ECQAAUe2XmvIAAmDd1A9CYCoDGdXyqABAA40tlYCIgABJWNwABqwAIUIuRAkAAFHtl5ryAAJg3dQPQmAqAxnV8qgAQAONLdc7xA2BeVQDMmwqAxtTnv3EdnyoABMD4UgmAgvQIgITVbwEErAIgQC1GCgABUOyVHwDzqgJg3tQNQGPq89+4jk8VAAJgfKncABSkbgASVZ//glUAFKrBTAHgB0CwVv4egADVDUCAenz+C1UBUKgGMwWAHwDBWgmAAFUABKgCIEEVAAnr/FABIADmt8o/BVCYCoBC1ee/UBUAhWowUwD4ARCslRuAAFUABKhuABJUAZCwzg8VAAJgfqvcABSmAqBQ9fkvVAVAoRrMFAB+AARr5QYgQBUAAaobgARVACSs80MFgACY3yo3AIWpAChUff4LVQFQqAYzBYAfAMFauQEIUAVAgOoGIEEVAAnr/FABIADmt8oNQGEqAApVn/9CVQAUqsFMAeAHQLBWbgACVAEQoLoBSFAFQMI6P1QACID5rXIDUJgKgELV579QFQCFajBTAPgBEKyVG4AAVQAEqG4AElQBkLDODxUAAmB+q9wAFKYCoFD1+S9UBUChGswUAH4ABGvlBiBAFQABqhuABFUAJKzzQwWAAJjfKjcAhakAKFR9/gtVAVCoBjMFgB8AwVq5AQhQBUCA6gYgQRUACev8UAEgAOa3yg1AYSoAClWf/0JVABSqwUwB4AdAsFZuAAJUARCgugFIUAVAwjo/VAAIgPmtcgNQmAqAQtXnv1AVAIVqMFMA+AEQrJUbgABVAASobgASVAGQsM4PFQACYH6r3AAUpgKgUPX5L1QFQKEazBQAfgAEa+UGIEAVAAGqG4AEVQAkrPNDBYAAmN8qNwCFqQAoVH3+C1UBUKgGMwWAHwDBWrkBCFAFQIDqBiBBFQAJ6/xQASAA5rfKDUBhKgAKVZ//QlUAFKrBTAHgB0CwVm4AAlQBEKC6AUhQBUDCOj9UAAiA+a1yA1CYCoBC1ee/UBUAhWowUwD4ARCslRuAAFUABKhuABJUAZCwzg8VAAJgfqvcABSmAqBQ9fkvVAVAoRrMFAB+AARr5QYgQBUAAaobgARVACSs80MFgACY3yo3AIWpAChUff4LVQFQqAYzBYAfAMFauQEIUAVAgOoGIEEVAAnr/FABIADmt8oNQGEqAApVn/9CVQAUqsFMAeAHQLBWbgACVAEQoLoBSFAFQMI6P1QACID5rXIDUJgKgELV579QFQCFajBTAPgBEKyVG4AAVQAEqG4AElQBkLDODxUAAmB+q9wAFKYCoFD1+S9UBUChGswUAH4ABGvlBiBAFQABqhuABFUAJKzzQwWAAJjfqjc3ALf8enXJgwqA5qA+aMaOT319zrllVwXA+PE3AwWAAGg2y9RpAQEwLfpmngCYdxUA86bJRAHgB0CyWIaOCwiAcVIB0JD6LcDIdXysABAA40tlYCIgABJWNwABqxuAALUYKQAEQLFXZs4LCIB5U78F0JgKgMZ1fKoAEADjS2VgIiAAElY3AAGrAAhQi5ECQAAUe2XmvIAAmDd1A9CYCoDGdXyqABAA40tlYCIgABJWNwABqwAIUIuRAkAAFHtl5ryAAJg3dQPQmAqAxnV8qgAQAONLZWAiIAASVjcAAasACFCLkQJAABR7Zea8gACYN3UD0JgKgMZ1fKoAEADjS2VgIiAAElY3AAGrAAhQi5ECQAAUe2XmvIAAmDd1A9CYCoDGdXyqABAA40tlYCIgABJWNwABqwAIUIuRAkAAFHtl5ryAAJg3dQPQmAqAxnV8qgAQAONLZWAiIAASVjcAAasACFCLkQJAABR7Zea8gACYN3UD0JgKgMZ1fKoAEADjS2VgIiAAElY3AAGrAAhQi5ECQAAUe2XmvIAAmDd1A9CYCoDGdXyqABAA40tlYCIgABJWNwABqwAIUIuRAkAAFHtl5ryAAJg3dQPQmAqAxnV8qgAQAONLZWAiIAASVjcAAasACFCLkQJAABR7Zea8gACYN3UD0JgKgMZ1fKoAEADjS2VgIiAAElY3AAGrAAhQi5ECQAAUe2XmvIAAmDd1A9CYCoDGdXyqABAA40tlYCIgABJWNwABqwAIUIuRAkAAFHtl5ryAAJg3dQPQmAqAxnV8qgAQAONLZWAiIAASVjcAAasACFCLkQJAABR7Zea8gACYN3UD0JgKgMZ1fKoAEADjS2VgIiAAElY3AAGrAAhQi5ECQAAUe2XmvIAAmDd1A9CYCoDGdXyqABAA40tlYCIgABJWNwABqwAIUIuRAkAAFHtl5ryAAJg3dQPQmAqAxnV8qgAQAONLZWAiIAASVjcAAasACFCLkQJAABR7Zea8gACYN3UD0JgKgMZ1fKoAEADjS2VgIiAAElY3AAGrAAhQi5ECQAAUe2XmvIAAmDd1A9CYCoDGdXyqABAA40tlYCIgABJWNwABqwAIUIuRAkAAFHtl5ryAAJg3dQPQmAqAxnV8qgAQAONLZWAiIAASVjcAAasACFCLkQJAABR7Zea8gACYN3UD0JgKgMZ1fKoAEADjS2VgIiAAElY3AAGrAAhQi5ECQAAUe2XmvIAAmDd1A9CYCoDGdXzqTQHw+AH4pXGBcx5zb/ij/7v4AAAF6ElEQVT1+oaH9IypgF2d52U6b/qYuNn11z58/yt+Xt8WAI+y9IsAAQIECDyrwCsBMH80N12Bzr+9iQQIECBwg4AACE5JAASoRhIgQIDAqIAAGOV8M0wABKhGEiBAgMCogAAY5RQAAaeRBAgQIBAICIAA1Q1AgGokAQIECIwKCIBRTjcAAaeRBAgQIBAICIAA1Q1AgGokAQIECIwKCIBRTjcAAaeRBAgQIBAICIAA1Q1AgGokAQIECIwKCIBRTjcAAaeRBAgQIBAICIAA1Q1AgGokAQIECIwKCIBRTjcAAaeRBAgQIBAICIAA1Q1AgGokAQIECIwKCIBRTjcAAaeRBAgQIBAICIAA1Q1AgGokAQIECIwKCIBRTjcAAaeRBAgQIBAICIAA1Q1AgGokAQIECIwKCIBRTjcAAaeRBAgQIBAICIAA1Q1AgGokAQIECIwKCIBRTjcAAaeRBAgQIBAICIAA1Q1AgGokAQIECIwKCIBRTjcAAaeRBAgQIBAICIAA1Q1AgGokAQIECIwKCIBRTjcAAaeRBAgQIBAICIAA1Q1AgGokAQIECIwKCIBRTjcAAaeRBAgQIBAICIAA1Q1AgGokAQIECIwKCIBRTjcAAaeRBAgQIBAICIAA1Q1AgGokAQIECIwKCIBRTjcAAaeRBAgQIBAICIAA1Q1AgGokAQIECIwKCIBRTjcAAaeRBAgQIBAICIAA1Q1AgGokAQIECIwKCIBRTjcAAaeRBAgQIBAICIAA1Q1AgGokAQIECIwKCIBRTjcAAaeRBAgQIBAICIAA1Q1AgGokAQIECIwKCIBRTjcAAaeRBAgQIBAICIAA1Q1AgGokAQIECIwKCIBRTjcAAaeRBAgQIBAICIAA1Q1AgGokAQIECIwKCIBRTsMIECBAgACBUYEvjE4zjAABAgQIELhCQABccUwekgABAgQIzAoIgFlP0wgQIECAwBUCAuCKY/KQBAgQIEBgVkAAzHqaRoAAAQIErhAQAFcck4ckQIAAAQKzAgJg1tM0AgQIECBwhYAAuOKYPCQBAgQIEJgVEACznqYRIECAAIErBATAFcfkIQkQIECAwKyAAJj1NI0AAQIECFwhIACuOCYPSYAAAQIEZgUEwKynaQQIECBA4AoBAXDFMXlIAgQIECAwKyAAZj1NI0CAAAECVwgIgCuOyUMSIECAAIFZAQEw62kaAQIECBC4QkAAXHFMHpIAAQIECMwKCIBZT9MIECBAgMAVAgLgimPykAQIECBAYFZAAMx6mkaAAAECBK4QEABXHJOHJECAAAECswICYNbTNAIECBAgcIWAALjimDwkAQIECBCYFRAAs56mESBAgACBKwQEwBXH5CEJECBAgMCsgACY9TSNAAECBAhcISAArjgmD0mAAAECBGYFBMCsp2kECBAgQOAKAQFwxTF5SAIECBAgMCsgAGY9TSNAgAABAlcICIArjslDEiBAgACBWQEBMOtpGgECBAgQuEJAAFxxTB6SAAECBAjMCgiAWU/TCBAgQIDAFQIC4Ipj8pAECBAgQGBWQADMeppGgAABAgSuEBAAVxyThyRAgAABArMCAmDW0zQCBAgQIHCFgAC44pg8JAECBAgQmBUQALOephEgQIAAgSsEBMAVx+QhCRAgQIDArIAAmPU0jQABAgQIXCEgAK44Jg9JgAABAgRmBQTArKdpBAgQIEDgCgEBcMUxeUgCBAgQIDArIABmPU0jQIAAAQJXCAiAK47JQxIgQIAAgVkBATDraRoBAgQIELhCQABccUwekgABAgQIzAoIgFlP0wgQIECAwBUCAuCKY/KQBAgQIEBgVkAAzHqaRoAAAQIErhAQAFcck4ckQIAAAQKzAgJg1tM0AgQIECBwhYAAuOKYPCQBAgQIEJgVEACznqYRIECAAIErBATAFcfkIQkQIECAwKyAAJj1NI0AAQIECFwhIACuOCYPSYAAAQIEZgUEwKynaQQIECBA4AoBAXDFMXlIAgQIECAwKyAAZj1NI0CAAAECVwj8D5xOaGpqwwGxAAAAAElFTkSuQmCC', NULL, 'suites', 'suites'),
	('2024-07-05 19:58:56.130445+00', 'sand', 'data:image/png;base64,iVBORw0KGgoAAAANSUhEUgAAAgAAAAIACAYAAAD0eNT6AAAAAXNSR0IArs4c6QAAIABJREFUeF7tnQnUdldV3/9SCNQoYAaGCJEhEKBCMCQEQpCkVCAgyJSITEmkSlBEQoGmtZSwpEWBipahIC0QIawuQplCRoaGQaYwhoJQWQKBoAmIIGiLUOmz+e5Nbt687/fe+zxn33v22b+71rviknv32fv33989/+fc6cfEBgEIQAACEIBAOgI/lq5iCoYABCAAAQhAQBgAmgACEIAABCCQkAAGIKHolAwBCEAAAhDAANADEIAABCAAgYQEMAAJRadkCEAAAhCAAAaAHoAABCAAAQgkJIABSCg6JUMAAhCAAAQwAPQABCAAAQhAICEBDEBC0SkZAhCAAAQggAGgByAAAQhAAAIJCWAAEopOyRCAAAQgAAEMAD0AAQhAAAIQSEgAA5BQdEqGAAQgAAEIYADoAQhAAAIQgEBCAhiAhKJTMgQgAAEIQAADQA9AAAIQgAAEEhLAACQUnZIhAAEIQAACGAB6AAIQgAAEIJCQAAYgoeiUDAEIQAACEMAA0AMQgAAEIACBhAQwAAlFp2QIQAACEIAABoAegAAEIAABCCQkgAFIKDolQwACEIAABDAA9AAEIAABCEAgIQEMQELRKRkCEIAABCCAAaAHIAABCEAAAgkJYAASik7JEIAABCAAAQwAPQABCEAAAhBISAADkFB0SoYABCAAAQhgAOgBCEAAAhCAQEICGICEolMyBCAAAQhAAANAD0AAAhCAAAQSEsAAJBSdkiEAAQhAAAIYAHoAAhCAAAQgkJAABiCh6JQMAQhAAAIQwADQAxCAAAQgAIGEBDAACUWnZAhAAAIQgAAGgB6AAAQgAAEIJCSAAUgoOiVDAAIQgAAEMAD0AAQgAAEIQCAhAQxAQtEpGQIQgAAEIIABoAcgAAEIQAACCQlgABKKTskQgAAEIAABDAA9AAEIQAACEEhIAAOQUHRKhgAEIAABCGAA6AEIQAACEIBAQgIYgISiUzIEIAABCEAAA0APQAACEIAABBISwAAkFJ2SIQABCEAAAhgAegACEIAABCCQkAAGIKHolAwBCEAAAhDAANADEIAABCAAgYQEMAAJRadkCEAAAhCAAAaAHoAABCAAAQgkJIABSCg6JUMAAhCAAAQwAPQABCAAAQhAICEBDEBC0SkZAhCAAAQggAGgByAAAQhAAAIJCWAAEopOyRCAAAQgAAEMAD0AAQhAAAIQSEgAA5BQdEqGAAQgAAEIYADoAQhAAAIQgEBCAhiAhKJTMgQcCFxX0sHd32WS7O8HDuMQEgIQKEQAA1AIJGEgkIzAMZIeJOnYbtI/aJv6v9YZgT+V9B5JH5F0RTJOlAuBaglgAKqVhsQgUB2BQyX9pqTjJR2yZnYflHSOpDdL+tyaMTgMAhAoQAADUAAiISCQgMAzJT1D0gEFa31LZwTsv39bMC6hIACBEQQwACMgsQsEEhN4iCSb/O/lyOBySb0ZeJfjOISGAAQGBDAAtAMEILATgVNW1/dfNTOeSwarAn8289gMB4FUBDAAqeSmWAiMJvB0SS8YvbfPjlwi8OFKVAj8iAAGgEaAAAS2Ejhf0gMqwmJPE9hNg2YI3llRXqQCgdAEMACh5SN5CBQn8MeSfq141HIBuURQjiWRkhPAACRvAMqHwIDAb0h6aSAitiLQXybgKYJAwpFqHQQwAHXoQBYQWJrAYZLeLWm/pRNZY3wuEawBjUMggAGgByAAASPwCkm/3gAKu0TQrwrwFEEDglKCHwEMgB9bIkMgCoG7SfpolGQn5PnWwc2D355wHLtCIAUBDEAKmSkSAnsl0Mqv/52KtEsE/aoATxHwjwECHQEMAK0AgdwEWv31v5OqttLRP1L42dzSU312AhiA7B1A/dkJ/LakP0wKgUsESYWn7D0EMAB0AgRyE3i9pF/JjUB/OVgVeEdyFpSfiAAGIJHYlAqBbQhcuXr2/0DIXEWASwQ0QxoCGIA0UlMoBK5FwJ79/yRcdiRglwj6mwd5ioBGaY4ABqA5SSkIAqMJPEjS20fvnXdHLhHk1b7pyjEATctLcRDYK4FHSzoLRpMI2CWCflWApwgmoWPn2ghgAGpThHwgMB+BJ0l62XzDNTcSlwiakzRXQRiAXHpTLQSGBE6X9DyQbEzALhH0qwI8RbAxTgLMRQADMBdpxoFAfQSeKulF9aUVOqOPDR4p/EzoSki+eQIYgOYlpkAI7Ejg4ZL+B3zcCLxtYAa+5TYKgSGwJgEMwJrgOAwCDRA4QpJ9PY/Nl8BfDYzARb5DER0C4wlgAMazYk8ItEbgJpKuaK2oyuvhEkHlAmVKDwOQSW1qhcC1CVwu6SDALELALhH0Nw9yiWARCXIPigHIrT/VQ+AMSc8Gw6IEuESwKP68g2MA8mpP5RAwAneWdCkoqiFglwj6VQGeIqhGljYTwQC0qStVQWAKgQsl3W/KAew7CwEuEcyCOe8gGIC82lM5BHoCJ0t6NTiqJWCXCPpVAZ4iqFameIlhAOJpRsYQ8CBg3wSwbwOw1U2ASwR16xMqOwxAKLlIFgJuBO4o6T2SDnQbgcClCZwzeL/A35QOTrz2CWAA2teYCiEwlsBTJP3R2J3ZrxoC/SUCu0xg93OwQWAUAQzAKEzsBIE0BOxeALsngC0mgY8PVgX+V8wSyHouAhiAuUgzDgTiEPiIpCPjpEumOxCwSwT9zYNcIqBNrkUAA0BTQAAC2xH4rqR9QdMEAXvd85s7M8AlgiYkLVMEBqAMR6JAoEUCb5T0iBYLS1yTXSLoVwW4RJC4Eax0DEDyBqB8COxC4CRJr4FSkwS4RNCkrOOLwgCMZ8WeEMhK4B6STpf0S1kBNF63XSLoVwW4RNC42MPyMACJxKZUCGxI4DhJp0h63IZxOLxeAlwiqFeb4plhAIojJSAEmidwhKRHdvcHHNJ8tXkLfPvg5sFv5sXQbuUYgHa1pTIIzEHgREknrL4o+HBJ15ljQMaYnQCXCGZHPs+AGIB5ODMKBDIQsBcInSrpqAzFJq3xE4NVgU8nZdBM2RiAZqSkEAhUQ+B/Sjq2mmxIxIsAlwi8yM4UFwMwE2iGgUAiAhiARGJLunKwKnBBrtJjV4sBiK0f2UOgRgIYgBpVmScnu0TQP1LIJYJ5mK89CgZgbXQcCAEI7EAAA0BrGAG7RNCbAZ4iqLAnMAAVikJKEAhOAAMQXMDC6dslgt4IcImgMNxNwmEANqHHsRCAwHYEMAD0xU4EuERQUW9gACoSg1Qg0AgBDEAjQjqXce7g5sG/dh6L8NsQwADQFhCAQGkCGIDSRNuOxyWChfTFACwEnmEh0DABDEDD4jqX9snBqsClzmOlD48BSN8CAIBAcQIYgOJIUwbkEoGz7BgAZ8CEh0BCAhiAhKI7lvz1warA+Y7jpAuNAUgnOQVDwJ0ABsAdcdoBuERQUHoMQEGYhIIABH5EAANAI8xBwC4R9O8X4CmCNYhjANaAxiEQgMBeCWAAaJA5Cdglgt4IcIlgAnkMwARY7AoBCIwigAEYhYmdHAjYJYLeDPAUwS6AMQAOHUhICCQngAFI3gCVlH/e4ObBb1SSU1VpYACqkoNkINAEgUgG4GhJJ0g6UdJPN0GfIrYS4BLBDj2BAeAfCwQgUJpAJAMwPAeaCbC/R5QGQrxqCHxqsCpg/3fqDQOQWn6Kh4ALgagGoIdxcGcEzAwc6UKIoDUQSH+JAANQQxuSAwTaIhDdAAzVOKYzA3aZ4GZtyUQ1HQG7P+DN3c2DZgrSbBiANFJTKARmI9CSARhCe3R3v8BDZyPJQHMTSHWJAAMwd3sxHgTaJ9CqAeiVu5WkX+5WBg5vX860FZ4j6SWSLmqVAAagVWWpCwLLEWjdAAzJ3mdwieDA5ZAzsiOB13ZG4COOYywSGgOwCHYGhUDTBDIZgKGQj+suETy4aXXzFvecVelntFQ+BqAlNakFAnUQyGoAevr2FEFvBg6rQxKyKETgYklmBOy/4TcMQHgJKQAC1RHIbgCGghw3uF/gp6pTioTWJWCPiJ697sG1HIcBqEUJ8oBAOwQwANtreXJ3v8Dx7UidupLwJgADkLp/KR4CLgQwAHvHaq8cfkJ3v8DPuihA0LkIhDYBGIC52oRxIJCHAAZgvNb2FMFju5WBG44/jD0rIfAlSXaZx/4bbsMAhJOMhCFQPQEMwHoS/Wp3v8D91jucoxYi8BpJpyw09kbDYgA2wsfBEIDANgQwAJu1hb1y+EndqsAdNgvF0TMRMANgRiDUhgEIJRfJQiAEAQxAOZnsWwT9/QL7lgtLpMIE3i/p3oVjuofDALgjZgAIpCOAAfCR/KTu/QL39QlP1A0J/OLq65Hnbhhj1sMxALPiZjAIpCCAAfCV+SaSfqu7X+B2vkMRfQKB10t6zIT9F98VA7C4BCQAgeYIYADmk/Seg/sFrj/fsIy0A4HbSvqLKHQwAFGUIk8IxCGAAVhGK3v9sN0vYI8Wsi1D4ImS/niZoaePigGYzowjIACBvRPAACzbIft3lwjMENxm2VTSjW6vB7aXA4XYMAAhZCJJCIQigAGoR66jBvcLXLeetJrN5G8k7RelOgxAFKXIEwJxCGAA6tTq0d39AvZoIZsfAXuj43f8wpeLjAEox5JIEIDAHgIYgLo7wb5KaE8R2P0C9ulitrIEfkbSZWVD+kTDAPhwJSoEMhPAAMRR/4jB/QLMB2V0u6ukT5UJ5RsFwX35Eh0CGQlgAGKq/qjODBwdM/1qsraPA11cTTZ7SQQDEEElcoRALAIYgFh6bc3WrmHbJQL7HoF9uphtGgFWAKbxYm8IQKAhAhiAdsQ8vDMDJ7dTknsl3APgjpgBIACBWglgAGpVZrO8TujMQLiP3mxW9uSjeQpgMjIOgAAEWiGAAWhFye3rsK8SPqUzAzdvu9TJ1fEegMnIOAACEGiJAAagJTX3Xsthg0cK81S9c6W8CZAugAAEUhPAAOSU/+HdykDmbxHwLYCcvU/VEIBARwADkLsVIulfWim+BliaKPEgAIFQBCJNADwKXb61IulfsvrXSDqlZEDvWDS/N2HiQyAfgUgTAOfA8v0ZSf+S1Yd5AVBfNM1fUn5iQQACRiDSBMA5sHzPRtK/VPVvWb3+92Glgs0Vh+afizTjQCAPgUgTAOfA8n0ZSf8S1X9X0v0lfaBEsDlj0Pxz0mYsCOQgEGkC4BxYvicj6V+ientl8stLBJo7Bs0/N3HGg0D7BCJNAJwDy/djJP03rd4mfjMAITeaP6RsJA2BqglEmgA4B5ZvpUj6b1L9OZLs3Qc/2CTIksfS/EvSZ2wItEkg0gTAObB8D0bSf93q/1TSQ1YvPvrmugFqOI7mr0EFcoBAWwQiTQCcA8v3XiT916n+E5IeIemL6xxc0zE0f01qkAsE2iAQaQLgHFi+5yLpP6V6W+r/ve7v76YcWOu+NH+typAXBOISiDQBcA4s32eR9B9b/Vu7if9DYw+IsB/NH0ElcoRALAKRJgDOgeV7K5L+u1X/XkkvkWRf+Wtuo/mbk5SCILA4gUgTAOfA8u0SSf/tqv+8pI9Issn/v5bHU09Emr8eLcgEAq0QiDQBcA4s33WR9H+jpMtXH/H5siSb+D+2eq7/ivJI6oxI89epC1lBIDKBSBMA58DynYb+5Zm6RKT5XbASFAKpCTABpJafj0FFkR8DEEUp8oRAHAIYgDhaeWSK/h5UHWJiABygEhICyQkwAeRuAPQPoj8GIIhQpAmBIAQOkfRKSccGyZdzYHmhMADlmbpEpPldsBIUAmkI7Cfp7pKOGvzZ/y/KxjmwvFIYgPJMXSLS/C5YCQqBpgnYhD+c9G8XuFrOgeXFwwCUZ+oSkeZ3wUpQCDRF4Lbdr/t+0r9HQ9VxDiwvJgagPFOXiDS/C1aCQiA0gRtvmfBtef+A0BXtnDznwPLCYgDKM3WJSPO7YCUoBMIROGLLpH9ouArWS5hz4Hrc9nYUBqA8U5eINL8LVoJCoHoCtx7ctGdL+0dXn7FPgpwDy3PFAJRn6hKR5nfBSlAIVEfghlvu1Ldl/QOry3L+hDgHlmeOASjP1CUize+ClaAQqILA4Vsm/TtUkVVdSXAOLK8HBqA8U5eINL8LVoJCYBECt9ryeJ4t6/NvfO9SwKd8q2IAyjN1iUjzu2AlKARmIfCTW27cuyfL+pO5cw6cjGzXAzAAuyKqYweavw4dyAICYwn83JZJ/05jD2S/bQlwDizfGBiA8kxdItL8LlgJCoFiBA7eMuEfw7J+MbYWiHNgUZw/CoYBKM/UJSLN74KVoBBYm8C+Wx7PuxfL+muzHHMg58AxlKbtgwGYxmuxvWn+xdAzMASuInDYYNK31+yyrD9fc3AOLM8aA1CeqUtEmt8FK0EhsFcCt9jyeN69WYperGM4B5ZHjwEoz9QlIs3vgpWgELgGgR/f8nieLevfBEZVEOAcWF4GDEB5pi4RaX4XrASFgO4ymPTteXyW9etsCs6B5XXBAJRn6hKR5nfBStCEBH56cLe+Xcf/eZb1Q3QB58DyMmEAyjN1iUjzu2AlaAICN9jyeJ5dx2dZP57wnAPLa4YBKM/UJSLN74KVoI0S+NnBpG/P47OsH19ozoHlNcQAlGfqEpHmd8FK0EYI3Hxwt769Ztd+5V+nkdooYw8BzoHlOwEDUJ6pS0Sa3wUrQYMS2GfL8/gs6wcVckLanAMnwBq5KwZgJKild6P5l1aA8ZcmYMv4R3V/tqz/z5ZOiPFnJcA5sDxuDEB5pi4RaX4XrAStmMDNBo/n2fP4LOtXLNYMqXEOLA8ZA1CeqUtEmt8FK0ErInC9wY17dh3fHs/jbv2KBFo4Fc6B5QXAAJRn6hKR5nfBStCFCdyx+5Vvz+PbL3yW9RcWpOLhOQeWFwcDUJ6pS0Sa3wUrQWcmYL/o7Tr+3bsJn2X9mQUIPBznwPLiYQDKM3WJSPO7YCWoM4F/Mrhxz16zaxP+TZ3HJHybBDgHltcVA1CeqUtEmt8FK0EdCBzaTfr98/gs6ztAThiSc2B50TEA5Zm6RKT5XbAStACBAwa/8u0Xvt28x0t4CoAlxDUIcA4s3xAYgPJMXSLS/C5YCboGAZvc7Rq+Xcu35/FZ1l8DIodMJsA5cDKyXQ/AAOyKqI4daP46dMiaxe27Sd+u49svfJb1s3bCcnVzDizPHgNQnqlLRJrfBStBdyCwfzfh99fx7Ve+3dDHBoGlCHAOLE8eA1CeqUtEmt8FK0EHBPrH8+wXPsv6tEZtBDgHllcEA1CeqUtEmt8Fa+qgh3TX8fvX7NondNkgUCsBzoHllcEAlGfqEpHmd8GaKuhPdRN+/zw+y/qp5A9fLOfA8hJiAMozdYlI87tgbT7okZL61+zahG8f2GGDQEQCnAPLq4YBKM/UJSLN74K1uaC36X7l22RvfyzrNydx2oLmPAfeWZJ9p+Lgwd+NHMh/T9JlW/4udhhnp5AYgBlhbzLUnM2/SZ4cOy+BG3d369t1/P7mPe7Wn1cDRpuHgPc58HhJ/Z/dH7PU9vXVY7Znrwz8u1b/pt8t6VuOiWAAHOGWDO3d/CVzJZYvgbtJGl7HZ1nflzfR6yDgdQ48QdJpkuyR19q2yyW9VNJLJH3HITkMgANUj5Beze+RKzHLErh1t6zf/8JnWb8sX6LFIFD6HGgTvk38ZgBq3z7XmQAzAyU3DEBJmo6xSje/Y6qE3pDADbe8Zteu5V93w5gcDoHoBEqeA5+4uiH25QGB2CWB35L02UK5YwAKgfQOU7L5vXMl/nQCh0vqn8fnbv3p/DiifQKlzoEvkPT0wLjsxsHHdfcJbFoGBmBTgjMdX6r5Z0qXYXYh8DPdNcf+bn2765gNAnMT+N+S7DsPEbYS58C/knTTCMWOyPE5q33OGLHf3nbBAGwIcK7DSzT/XLkyzrUJ/MSW5/FZ1qdLliDw15I+JOmD3d+zJB27RCJrjLnpOfCLkm61xrg1H2Lv+PjwBgliADaAN+ehmzb/nLky1h4Cd+0+l9vfvMfd+nTGEgSGE75N/F8dJJFlAjhX0gOXgO885ne79xUMNZ0yZBb9pzCpcl8MQJWyXCOpW265js+yfv2atZjhnw9+4duE/6m9FJlhAni+pGe0KHRX09slPXjN+jLovyaaug7DANSlh2Wzb7es3//CZ1m/Po0yZLR1Wd9+8f/9yMJbnwDsUb8PjGQRebcnd+8LmFpD6/pP5VHt/hiAOqQ5rHvFbn/z3s3rSIssEhH4YXfdt7+ObxP+V9asv/UJ4HWSHrMmm0iH2XsC7r7Gy4Ja1z+ShnvNFQOwjJS36K7jc7f+MvwZdQ+B4bK+TfifLASm5QngfqsnbS4sxClCmH8r6XkTE21Z/4ko6t4dAzCPPv90y2t2bXmfl/DMw55RriYwXNbvb+Ibu6w/hWPLE8DbNrg2PoVhLfvaa4PvIumbExJqWf8JGOrfFQPgpxHL+n5siTyOwHBZv5/w113WHzfinr1anQAOkmQTYrbtsZLOmlB0q/pPQBBjVwxAOZ3s5GBL+v3Ne9ytX44tkcYT6Jf1+wm/1LL++AzaNQA2Eb52CohG9rXJ32ofu2EAxpJaeD8MwPoC3GDL43k2+V9v/XAcCYG1CPTL+sPn8j2W9ack1+oE8IYgH/mZotWYfW35f/8xO3b7tKr/BAQxdsUATNPJroUNH8/jbv1p/Nh7cwL9sv5wwp9jWX9K5q1OAMY+63bc6u2OF48svlX9R5YfZzcMwN616pf1+7v1zQCwQWBuAvZufXs1a/+I3hLL+lNqbnECuJGkb02B0Ni+J0n6k5E1taj/yNJj7YYBuKZe+2x5Hp9l/Vj93Eq231i9YvYjgwnffu3/XaDiWpwADpb05UAalE7Vvu/w3JFBW9R/ZOmxdsMA7HnEpf+Fb8v7LOvH6uEWst26rG8T/mWBC2txArCbei8NrMmmqb9S0q+PDNKi/iNLj7VbRgPAsn6sHm012+Gyvk34n2io0BYngGMkva8hjaaWYi8/esDIg1rUf2TpsXbLYgCOWl1DPX7wS5+79WP1aQvZDpf1+xv4Ii3rT9GgxQngCEmXTIHQ2L7/XdKvjKypRf1Hlh5rt5YNwM9Jekg38ZsBYIPAnAT+sbuOb5N9P+FHXtafwq7FCeCQ7tXJUzi0tO/vSfo3IwtqUf+RpcfarUUDYK/YPb37sy/rsUFgLgL9sn4/4be0rD+FYYsTwAGSvj4FQmP7PknSy0fW1KL+I0uPtVtrBuCXuon/HrFkINugBGxZ3x7PGz6i1+qy/hSJWpwA7IfF96dAaGxfu4R6wciaWtR/ZOmxdmvJAJwgyd7UxQYBLwK2rG+T/fARvSzL+lOYtjoBRKpril5j9rU3n35vzI4NfwtiZPlxdmvFANjNKa+Pg51MAxFgWX+6WJEmyinnwCevXon74uk4wh9x/sr0PnBCFa3qPwFBjF2nNH+tFdn3qv9DrcmRVzgCW5f17Xr+d8NVsWzCrU4Ad1p9C+Azy6JdZPSnTDQ+req/CHzPQaMbgH8pyV5QwQaBdQn0y/q2tN/fsZ/5jW/rchwe1/IEYK9jznaP0e1WXwP8woTGaFn/CRjq3zWyAbifJHs5BRsEphL4/JZH9D4+NQD775VAyxPAKZJelUj/l0qySx9Ttpb1n8Kh+n2jGgC7I9d+sR1ePWESrIGAPb5lN+71v/LtVxzL+n7KtD4BRKpvE5W/I+nukj43MUgkPlHnwImSbL971OKfKulFRQgQpEUC/28w4feP6LGsP5/SrU8Aj5R09nw4FxvpeZLsHqupW+v6T+VR7f4RDcD+3S+521ZLlcSWIGDL+sNH9FjWX0KFPWNmmADeJOlhyyF2H9mefvnnki5fY6QM+q+Bpb5DIhqAMyQ9uz6UZDQzAVvW7yf8/s17LOvPLMIOw2WYAG7U9d+hdSAvnoVN/qbjOlsG/dfhUt0xEQ3A+yXdqzqSJORNgGV9b8Ll4meZAFr9PsDjJb12g3bIov8GiOo4NJoByP5N7jq6Zr4s+mX9/uY9lvXnY7/JSJkmAHsk0G4qbWU7V9IvblhMJv03RLXs4dEMwO9Ieu6yyBjdkQDL+o5wZwydbQK4jaRLJUX/+Jjd1/CIAn2STf8CyJYJEc0A2LVePu27TK94jGrL+v11fO7W9yC8TMyME4B9LfDMia/MXUad7Ued8rnf3fLOqP9uTKr836MZgCslHVglSZIaS8CeKR4+k8+y/lhycfbLOgFcf3V+shfnPCGOVPqUpBdKel3BnLPqXxDhPKEiGYCflPS382BhlIIEzLT1E35/Ld9eMMLWLoHsE8D9JZ22ujfA/lvr9hedWTHDMvYrf2Nrya7/WE6L7xfJABwm6ZOLEyOB3Qj0y/rDR/S+tNtB/O9NEWAC2COnrQQcL+kYSTetQOH/0z3aZ4bcJn778JXHhv4eVB1iRjIAdu3f7gFgq4+ALesPr+V/rL4UyWhGAkwA14Z9RGcEbr/6lsDBgz97n0Dp7f9Kumzw95XV2O+UdInDr/3tckf/0oo6xYtkAOwfjj0WxrY8AZb1l9eg5gyYAGpWxz839PdnXGSESAbAbv6ziYdtfgI/2HId337ts6w/vw5RRmQCiKKUT57o78O1eNRIBsC+APj94gQIuBMBlvXpjXUJMAGsS66N49A/iI6RDIAh/aykOwZhGy1NW10ZXse3+y24Wz+ainXkywRQhw5LZYH+S5GfOG40A/Dq1dLzyRNrZPftCdiy/nDCZ1mfTilFgAmgFMmYcdA/iG7RDIA9W/sHQdjWmOafDa7l26NA3K1fo0rxc2ICiK/hJhWg/yb0Zjw2mgH4BUkXzcgn+lD9sv7wlz4vU4quav35MwHUr5FnhujvSbdg7GgGwEp/X/c8bUEMzYTql/WHEz536zcjb5hCmADCSOWSKPq7YC0fNKIBeJKkl5VHETbicFnfJn7erR9WymYSZwJoRsq1CkH/tbDNf1BEA2BvzrJPb9rbtDJuV2x5Jt+u5bOsn7ExpZ33AAAZCElEQVQT6q2ZCaBebebIDP3noFxgjIgGwMp++urb2y8oUH+kEBdLenl35z7L+pGUy5crE0A+zYcVo38Q/aMaAMMbqclKtIMZgONKBCIGBJwJRPq3Gfkc6Czj2uHRf2108x4YufntU5sXzItr0dEwAIviZ/AJBJgAJsBqcFf0DyJqZANgiM+Q9OwgrDdNEwOwKUGOn4sAE8BcpOscB/3r1OVaWUU3AJlMAAYgyD8q0gx1ea6Fc2BtLYcBqE2RHfJppfkzrARgAIL8oyJNDEDyHsAABGmAVgyA4T61ezLgJ4Kwn5omBmAqMfZfigATwFLk6xgX/evQYdcsWjIAVuzRnQmw/7a2YQBaU7TdepgA2tV2TGXoP4ZSBfu0ZgAMqa0A2HsCfk3SQRUwLpUCBqAUSeJ4E2AC8CZcd3z0r1ufq7Jr0QD0xd1c0hMbMgIYgCD/qEiTewCS9wAGIEgDtGwAegluLOnY1YuD7tP9965BtNmaJgYgqHAJ02YCSCj6oGT0D6J/BgOwVYrrSdpv8Pf+IFphAIIIRZqsACTvAQxAkAbIaAC2SvPDIFphAIIIRZoYgOQ9gAEI0gAYAAkDEKRZSTMMASaAMFK5JIr+LljLB8UAYADKdxURsxNgAsjdAegfRH8MAAYgSKuSZiACTACBxHJIFf0doHqExABgADz6ipi5CTABoL89eRVhSz0Hpi6+607uAYjwz5QcIxHAAERSq3yu6F+eqUtEDAArAC6NRdDUBJgAUsvPUyBR5McAYACi9Cp5xiGAAYijlUem6O9B1SEmBgAD4NBWhExOgAkgdwOgfxD9MQAYgCCtSpqBCDABBBLLIVX0d4DqERIDgAHw6Cti5ibABID+PAUQoAcwABiAAG1KisEIYACCCVY4XfQvDNQrHAYAA+DVW8TNS4AJIK/2Vjn6B9EfA4ABCNKqpBmIABNAILEcUkV/B6geITEAGACPviJmbgJMAOjPPQABegADgAEI0KakGIwABiCYYIXTRf/CQL3CYQAwAF69Rdy8BJgA8mrPPQCBtMcAYAACtSupBiGAAQgilFOa6O8EtnRYDAAGoHRPEQ8CTAC5ewD9g+iPAcAABGlV0gxEgAkgkFgOqaK/A1SPkBgADIBHXxEzNwEmgJ3131fSjQZ/N3BolR9I+vaWP4dhdgyJ/nPS3mAsDAAGYIP24VAIbEuACeBqLDbhP2jwt/9CPXO2pLdJerekrznngP7OgEuFxwBgAEr1EnEg0BNgApBuK+lpkh4lab/KWuMcSS+RdJFTXujvBLZ0WAwABqB0TxEPApkngOuvlt5P6yb/AytvhbMkvVTSBwvnmVn/wih9w2EAMAC+HUb0jASyTgCHS3rlaqnd/htpe4GkZxZMOKv+BRHOEwoDgAGYp9MYJROBjBOAvfr2Qkn7BBX6vO4+hRLpZ9S/BLfZY2AAMACzNx0DNk8g2wTweElnNqDql1Z13LpAHdn0L4BsmRAYAAzAMp3HqC0TyDQBPEPS8xsS8wpJN9uwnkz6b4hq2cMxABiAZTuQ0VskkGUCOEXSqxoU8IWSzNisu2XRf10+1RyHAcAAVNOMJNIMgQwTwH0lXSDpus2ods1CTpX0ijVry6D/mmjqOgwDgAGoqyPJpgUCrU8A9qjfBwLe7T+1t45e8xHB1vWfyrHa/TEAGIBqm5PEwhJofQI4XdLzwqozPnF7e+CJ43e/as/W9V8DSZ2HYAAwAHV2JllFJtDyBGBv+LMX59T+kp9S/WMGwIzAlK1l/adwqH5fDAAGoPomJcFwBFqeAOzNeb8RTpH1EzazY5cCpmwt6z+FQ/X7YgAwANU3KQmGI9DqBPDjkuxZ+Sy//vvGe6Ck8yd0Yav6T0AQY1cMAAYgRqeSZSQCrU4A9lW/t0cSolCuL5b0lAmxWtV/AoIYu2IAMAAxOpUsIxFodQLItvzf99wXJN1uQgO2qv8EBDF2xQBgAGJ0KllGItDqBHBlwuX/vu/uIunTI5uwVf1Hlh9nNwwABiBOt5JpFAItTgD7SvpuFAEc8vxlSW8YGbdF/UeWHms3DAAGIFbHkm0EAi1OAAdJujwCfKcc7dXA9orgMVuL+o+pO9w+GAAMQLimJeHqCbQ4Adxx9VKcz1ZP3i/BKTcCtqi/H9kFI2MAMAALth9DN0qgxQngHmu+FrcVid8q6aEji2lR/5Glx9oNA4ABiNWx62d7hKRjJN1+9QW3gwd/FvGywd/nJL1H0qfWHyr9kS1OABgADEBz/7AxABiA5pp6UNATJB3fTfw3nVjo1yS9T9I7JP23icdm371FA8AlgPHvAmhR/yb/TWMAMAAtNvb9JZ22WrK1/5bYLpT0Ikn2X7bdCbQ4AXATIDcB7t75wfbAAGAAgrXsXtO1z7Tay1rsl7/HZisB9ka0v/cI3lDMFg0AjwHyGGBD/0T3lIIBwAC00tQHSDpTkr233HP7uKSHS/qy5yDBY7doAEwSXgQ0rjFb1X9c9YH2wgBgAAK1646p3mY1KV8qyX6lzbF9b3VvwL0kfWyOwQKO0eoEwKuAxzVjq/qPqz7QXhgADECgdt021SXvzr6DpM9HB+iQf6sTAB8DGtcsreo/rvpAe2EAMACB2vVaqR4i6c8XLuBmkq5YOIfahm91AuBzwOM6rVX9x1UfaC8MAAYgULteI9UbrR7x+7CkQxcuwB4VfAA3Bl5DhZYngGyXAT4o6eiJ/8Za1n8iirp3xwBgAOru0J2ze9PqZT0PqyT5N0o6oZJcakij5Qngtt0bAQ+sAfQMOZwo6eyJ47Ss/0QUde+OAcAA1N2h22f3yDVOSt51mgEwI8AmtT4BnC7peQmEtonfDMDUrXX9p/Kodn8MAAag2ubcS2I1nmAuXr1C+LiIMB1yrlGfncpc5xxo75v4gKTDHdjVFNKW/u0SwNStdf2n8qh2/3Wav9pi1kzsh2seN/dhTDB7iJ+yeo//q+aGP3K8X5X06pH7trxbhgngvpIukHTdRoU8VdIr1qwtg/5roqnrMAwAKwB1deTu2dgvEnv0r8bNbkqsNbc5eWWZAGo2o5vo/UJJz9ggQBb9N0BUx6EYAAxAHZ04Los7rW62+8y4XRfby5aFP7HY6HUMnGkCsIny+XVgL5KFPdJqj7ZusmXSfxNOix+LAcAALN6EExJ4sqQXT9h/iV2ftVoWfu4SA1c0ZrYJ4PHda6grkmCtVL60quPWax15zYOy6V8A2TIhMAAYgGU6b71RI5xYPrT6auA91yuvmaMi6NTDLnUOPLb7WuQ+QVU8T5K96bDEllH/Etxmj1Gq+WdPvOCA3ARYEKZjKLvZ6vuO8UuGvp6kH5QMGCxW1gnALv+8MuDTAS9YvcjqmQV7LKv+BRHOEwoDwArAPJ22+Sj2tb+vbx5mlgj2kphvzDJSnYNkngDsEcHTJD1t9Wnq2l8WdFb3+ex1HvXbW+dl1r/Of5E7ZIUBwABEadga3vs/ltXtJH1h7M4N7scEINkbA80EPErSfpVpfI6kl6xe8XuRU17o7wS2dFgMAAagdE95xTtidY3yEq/gheMeKemjhWNGCscEcLVa9olqu7be/+2/kJD2Vr+3SXq3pK8554D+zoBLhccAYABK9ZJ3HLvJyk4sETZ7I6C9uCnrxgSws/JmCOxDVv3fDRyaxO4/+faWP4dhdgyJ/nPS3mAsDAAGYIP2mfVQDMCsuDcajAlgI3zhD0b/IBJiADAAQVpVGIAoSrX/MaA4SiyTKQZgGe6TR8UAYAAmN81CB2AAFgK/xrBMAGtAa+gQ9A8iJgYAAxCkVVkBiCJUd6+GGbYIG+fA8iphAMozdYlI82MAXBrLISgrAA5QnUIyATiBDRIW/YMIhQHAAARpVVYAogjFCkAgpXxSxQD4cC0eFQOAASjeVE4BWQFwAusQlgnAAWqgkOgfRCwMAAYgSKuyAhBFKFYAAinlkyoGwIdr8agYAAxA8aZyCsgKgBNYh7BMAA5QA4VE/yBiYQAwAEFalRWAKEKxAhBIKZ9UMQA+XItHxQBgAIo3lVNAVgCcwDqEZQJwgBooJPoHEQsDgAEI0qqsAEQRihWAQEr5pIoB8OFaPCoGAANQvKmcArIC4ATWISwTgAPUQCHRP4hYGAAMQJBWZQUgilCsAARSyidVDIAP1+JRMQAYgOJN5RSQFQAnsA5hmQAcoAYKif5BxMIAYACCtCorAFGEYgUgkFI+qWIAfLgWj4oBwAAUbyqngKwAOIF1CMsE4AA1UEj0DyIWBgADEKRVWQGIIhQrAIGU8kkVA+DDtXhUDAAGoHhTOQVkBcAJrENYJgAHqIFCon8QsTAAGIAgrcoKQBShWAEIpJRPqhgAH67Fo2IAMADFm8opICsATmAdwjIBOEANFBL9g4iFAcAABGlVVgCiCMUKQCClfFLFAPhwLR4VA4ABKN5UTgFZAXAC6xCWCcABaqCQ6B9ELAwABiBIq7ICEEUoVgACKeWTKgbAh2vxqBgADEDxpnIKyAqAE1iHsEwADlADhUT/IGJhADAAQVqVFYAoQrECEEgpn1QxAD5ci0fFAGAAijeVU0BWAJzAOoRlAnCAGigk+gcRCwOAAQjSqqwARBGKFYBASvmkigHw4Vo8KgYAA1C8qZwCsgLgBNYhLBOAA9RAIdE/iFgYAAxAkFZlBSCKUKwABFLKJ1UMgA/X4lExABiA4k3lFJAVACewDmGZABygBgqJ/kHEwgBgAIK0KisAUYRiBSCQUj6pYgB8uBaPigHAABRvKqeArAA4gXUIywTgADVQSPQPIhYGAAMQpFVZAYgiFCsAgZTySRUD4MO1eFQMAAageFM5BWQFwAmsQ1gmAAeogUKifxCxMAAYgCCtygpAFKFYAQiklE+qGAAfrsWjYgAwAMWbyikgKwBOYB3CMgE4QA0UEv2DiIUBwAAEaVVWAKIIxQpAIKV8UsUA+HAtHhUDgAEo3lROAVkBcALrEJYJwAFqoJDoH0QsDAAGIEirsgIQRShWAAIp5ZMqBsCHa/GoGAAMQPGmcgrICoATWIewTAAOUAOFRP8gYmEAMABBWpUVgChCsQIQSCmfVDEAPlyLR8UAYACKN5VTQFYAnMA6hGUCcIAaKCT6BxELA4ABCNKqrABEEYoVgEBK+aSKAfDhWjwqBgADULypnAKyAuAE1iEsE4AD1EAh0T+IWBgADECQVmUFIIpQrAAEUsonVQyAD9fiUTEAGIDiTeUUkBUAJ7AOYZkAHKAGCon+QcTCAGAAgrQqKwBRhGIFIJBSPqliAHy4Fo+KAcAAFG8qp4CsADiBdQjLBOAANVBI9A8iFgYAAxCkVVkBiCIUKwCBlPJJFQPgw7V4VAwABqB4UzkFZAXACaxDWCYAB6iBQqJ/ELEwABiAIK3KCkAUoVgBCKSUT6oYAB+uxaNiADAAxZvKKSArAE5gHcIyAThADRQS/YOIhQHAAARpVVYAogjFCkAgpXxSxQD4cC0eFQOAASjeVE4BWQFwAusQlgnAAWqgkOgfRCwMAAYgSKuyAhBFKFYAAinlkyoGwIdr8agYAAxA8aZyCsgKgBNYh7BMAA5QA4VE/yBiYQAwAEFalRWAKEKxAhBIKZ9UMQA+XItHxQBgAIo3lVNAVgCcwDqEZQJwgBooJPoHEQsDgAEI0qqsAEQRihWAQEr5pIoB8OFaPCoGAANQvKmcArIC4ATWISwTgAPUQCHRP4hYGAAMQJBWZQUgilCsAARSyidVDIAP1+JRMQAYgOJN5RSQFQAnsA5hmQAcoAYKif5BxMIASN+TtE8AvS4OkKN3imYCImxopR+t2ETY0MpHpQj6/4Ok6/uUHyMqBkD6iqRbxJCLLCEAAQhAoBCBr0q6ZaFYIcNgAKSPSrpbSPVIGgIQgAAE1iXwMUlHrHtwC8dhAKTzJB3fgpjUAAEIQAACowmcL+mBo/ducEcMgPRqSSc3qC0lQQACEIDAzgReI+mUzIAwANLvS3pm5iagdghAAAIJCTxf0r9OWPdVJWMApKdJ+k+Zm4DaIQABCCQk8K8k/UHCujEAA9EfK+m1mZuA2iEAAQgkJPA4Sa9LWDcGYCD6L0i6KHMTUDsEIACBhATuJ+kdCevGAAxEv54keyEEGwQgAAEI5CFgLwFKfe7nHoA9zf5mSQ/N0/dUCgEIQCA1gQslPSA1AUkYgD0dYNeC/iR7M1A/BCAAgSQEflPSy5LUumOZGIA9aG4u6WvZm4H6IQABCCQhcLD2vAY+9YYBuFp+eytU+iWh1P8aKB4CEMhA4L2rT1bfJ0Ohu9WIAbia0FMlvWg3YPzvEIAABCAQmsDvrL4A+x9DV1AoeQzA1SDvLOnSQlwJAwEIQAACdRKwDwDZh4DSbxiAa7bAhyQdlb4rAAABCECgTQIflnSPNkubXhUG4JrMTpJkH4hggwAEIACB9gjYh9/ObK+s9SrCAFyb2wWS7r8eTo6CAAQgAIFKCfDs/xZhMADX7lT7PvS5lTYwaUEAAhCAwHoEHiTpvPUObfMoDMD2utoHIh7TpuRUBQEIQCAdgbMk2Yff2AYEMADbt8ORq3cC2A2B16FbIAABCEAgNIF/7G78uyR0FQ7JYwB2hmrvBLB3A7BBAAIQgEBcAn8o6bS46ftljgHYme2tu1WAm/jhJzIEIAABCDgSuLL79f9FxzHChsYA7F26J0p6eVh1SRwCEIBAbgKn8Gj3zg2AAdj9H8cfSXrK7ruxBwQgAAEIVETgWZKeW1E+1aWCARgnyTsl3XfcruwFAQhAAAILE3iFpFMXzqH64TEA4yWyzwXbZ4PZIAABCECgXgKfl3SHetOrJzMMwHgt7iTpM+N3Z08IQAACEFiAwC0lfXWBccMNiQGYJtkJkt4w7RD2hgAEIACBmQj8/Opy7ftmGiv8MBiA6RKeIenZ0w/jCAhAAAIQcCTwnFVsOz+zjSSAARgJastu95b03vUO5SgIQAACEChM4ERJZxeO2Xw4DMD6Et9Ckj0dcOj6ITgSAhCAAAQ2IPCXkv6FpM9uECPtoRiAzaW3FwXZC4PYIAABCEBgPgLv6ib/+UZsbCQMQBlB/52k3y0TiigQgAAEILALgf8s6behtBkBDMBm/IZHnyzp9yXx7YByTIkEAQhAYEjA3u3/71fvZLEX/bBtSAADsCHALYfbB4TstcH2x6eEy7IlGgQgkJeAfdLXfvXbHx/2KdQHGIBCILeEObJbnnqMT3iiQgACEEhD4CxJ9k2WS9JUPFOhGABf0A/sVgPu7zsM0SEAAQg0R+DC7hf/ec1VVklBGIB5hDhJ0pMkHTXPcIwCAQhAICyBD0v6L5LODFtBkMQxAPMKdTdJthpgf/bKSjYIQAACEJAukGS/+O3Rvk8DZB4CGIB5OG83in2w4sGSHtIZguUyYWQIQAAC8xN4i6Q3dS9Usxf6sM1MAAMwM/AdhttH0n1Wy1437R4j3Om/th8bBCAAgZoJ/IMke1zvir3892JJ36+5iAy5YQAyqEyNEIAABCAAgS0EMAC0BAQgAAEIQCAhAQxAQtEpGQIQgAAEIIABoAcgAAEIQAACCQlgABKKTskQgAAEIAABDAA9AAEIQAACEEhIAAOQUHRKhgAEIAABCGAA6AEIQAACEIBAQgIYgISiUzIEIAABCEAAA0APQAACEIAABBISwAAkFJ2SIQABCEAAAhgAegACEIAABCCQkAAGIKHolAwBCEAAAhDAANADEIAABCAAgYQEMAAJRadkCEAAAhCAAAaAHoAABCAAAQgkJIABSCg6JUMAAhCAAAQwAPQABCAAAQhAICEBDEBC0SkZAhCAAAQggAGgByAAAQhAAAIJCWAAEopOyRCAAAQgAAEMAD0AAQhAAAIQSEgAA5BQdEqGAAQgAAEIYADoAQhAAAIQgEBCAhiAhKJTMgQgAAEIQAADQA9AAAIQgAAEEhLAACQUnZIhAAEIQAACGAB6AAIQgAAEIJCQAAYgoeiUDAEIQAACEMAA0AMQgAAEIACBhAQwAAlFp2QIQAACEIAABoAegAAEIAABCCQkgAFIKDolQwACEIAABDAA9AAEIAABCEAgIQEMQELRKRkCEIAABCCAAaAHIAABCEAAAgkJYAASik7JEIAABCAAAQwAPQABCEAAAhBISAADkFB0SoYABCAAAQhgAOgBCEAAAhCAQEICGICEolMyBCAAAQhAAANAD0AAAhCAAAQSEsAAJBSdkiEAAQhAAAIYAHoAAhCAAAQgkJAABiCh6JQMAQhAAAIQwADQAxCAAAQgAIGEBDAACUWnZAhAAAIQgAAGgB6AAAQgAAEIJCSAAUgoOiVDAAIQgAAEMAD0AAQgAAEIQCAhAQxAQtEpGQIQgAAEIIABoAcgAAEIQAACCQlgABKKTskQgAAEIAABDAA9AAEIQAACEEhIAAOQUHRKhgAEIAABCGAA6AEIQAACEIBAQgIYgISiUzIEIAABCEAAA0APQAACEIAABBISwAAkFJ2SIQABCEAAAhgAegACEIAABCCQkAAGIKHolAwBCEAAAhDAANADEIAABCAAgYQEMAAJRadkCEAAAhCAAAaAHoAABCAAAQgkJPD/AZNIjGqy++8pAAAAAElFTkSuQmCC', NULL, 'houses', 'houses'),
	('2024-07-05 19:57:26.11557+00', 'city', 'data:image/png;base64,iVBORw0KGgoAAAANSUhEUgAAAgAAAAIACAYAAAD0eNT6AAAAAXNSR0IArs4c6QAAIABJREFUeF7tnQm8d1PVx39vJGORJhXKkCgVGYpEGjQQZUgiGSqRoRSRNIhUiNLgpSipSJpU8iIZkiFJ5kJSGhSiUJL3rJ59uc9073/Y65y9zv7uz+f/uU85Z+21vmvfe37/ffZe+39EgwAEIAABCECgOgL/U13EBAwBCEAAAhCAgBAADAIIQAACEIBAhQQQABUmnZAhAAEIQAACCADGAAQgAAEIQKBCAgiACpNOyBCAAAQgAAEEAGMAAhCAAAQgUCEBBECFSSdkCEAAAhCAAAKAMQABCEAAAhCokAACoMKkEzIEIAABCEAAAcAYgAAEIAABCFRIAAFQYdIJGQIQgAAEIIAAYAxAAAIQgAAEKiSAAKgw6YQMAQhAAAIQQAAwBiAAAQhAAAIVEkAAVJh0QoYABCAAAQggABgDEIAABCAAgQoJIAAqTDohQwACEIAABBAAjAEIQAACEIBAhQQQABUmnZAhAAEIQAACCADGAAQgAAEIQKBCAgiACpNOyBCAAAQgAAEEAGMAAhCAAAQgUCEBBECFSSdkCEAAAhCAAAKAMQABCEAAAhCokAACoMKkEzIEIAABCEAAAcAYgAAEIAABCFRIAAFQYdIJGQIQgAAEIIAAYAxAAAIQgAAEKiSAAKgw6YQMAQhAAAIQQAAwBiAAAQhAAAIVEkAAVJh0QoYABCAAAQggABgDEIAABCAAgQoJIAAqTDohQwACEIAABBAAjAEIQAACEIBAhQQQABUmnZAhAAEIQAACCADGAAQgAAEIQKBCAgiACpNOyBCAAAQgAAEEAGMAAhCAAAQgUCEBBECFSSdkCEAAAhCAAAKAMQABCEAAAhCokAACoMKkEzIEIAABCEAAAcAYgAAEIAABCFRIAAFQYdIJGQIQgAAEIIAAYAxAAAIQgAAEKiSAAKgw6YQMAQhAAAIQQAAwBiAAAQhAAAIVEkAAVJh0QoYABCAAAQggABgDEIAABCAAgQoJIAAqTDohQwACEIAABBAAjAEIQAACEIBAhQQQABUmnZAhAAEIQAACCADGAAQgAAEIQKBCAgiACpNOyBCAAAQgAAEEAGMAAhCAAAQgUCEBBECFSSdkCEAAAhCAAAKAMQABCEAAAhCokAACoMKkEzIEIAABCEAAAcAYgAAEIAABCFRIAAFQYdIJGQIQgAAEIIAAYAxAAAIQgAAEKiSAAKgw6YQMAQhAAAIQQAAwBiAAAQhAAAIVEkAAVJh0QoYABCAAAQggABgDEIBADQRWk7ShpCUlLTXpc7+kv036XCrpW5LOkmT/jQaB3hJAAPQ2tQQGgeoJvELSxGe5IWncKun7kk5KP4e8ncshUD4BBED5OcJDCEBgcAKPkrRV+rxg8NumvPJESUdKOi+TPcxAoAgCCIAi0oATEIDAmARWnvTgtyl+j3a0pPdKstkBGgTCE0AAhE8hAUCgagKvTA/+N7RE4deS3izp7Jb6oxsIuBFAALihxTAEIOBE4JGTvu2v49THdGZ3kfSZ6S7iv0OgZAIIgJKzg28QgMBkAs+c9OBfugA0r5X0zQL8wAUIjEQAATASNm6CAARaJND2NP8woa0k6ephbuBaCJRCAAFQSibwAwIQmExgkUnf9l9YMJqfpK2GdxbsI65BYI4EEAAMDAhAoCQCz5j04H9KSY5N4YvtDnhLEF9xEwIPEkAAMBggAIESCFjBHtu/v3UJzozggy1GpE7ACOC4pTsCCIDu2NMzBGonEGWaf5A8WbGgLQe5kGsgUAoBBEApmcAPCNRDwBbO2bd927sfZZp/kOy8irLBg2DimlIIIABKyQR+QKD/BF6eHvzb9DTU70p6dU9jI6weEkAA9DCphASBgggsPGlR37oF+eXlim1Z/IGXcexCICcBBEBOmtiCAAQmCExM89uivhKK9rSVmU9K2r2tzugHAuMQQACMQ497IQCBWQlskN7t93Waf7qM/0rS06a7iP8OgRIIIABKyAI+QCA2gYUmTfOvFzuULN7blsbTsljCCAQcCSAAHOFiGgI9J7DipEV9NU3zT5fWIyTtMd1F/HcIdE0AAdB1BugfAvEI2DS/beN7YzzXW/H4OkkrtNITnUBgDAIIgDHgcSsEKiKwYHq3b3v3a1jNP25qbcvjD8c1wv0Q8CSAAPCki20IxCfw9PRtf1tJS8UPp7UIDpf0jtZ6oyMIjEAAATACNG6BQAUEXjbpwV9BuNlDvFaSiScaBIolgAAoNjU4BoHWCdg0/8SBPEzzj4/f1kqcPr4ZLEDAhwACwIcrViEQiQDT/D7Z+oSkd/qYxioExieAABifIRYgEJXAS9M3/jdFDaBwv6+RZFslaRAokgACoMi04BQE3AgsMGnvPtP8bpgfNGwi6wz/bugBAsMTQAAMz4w7IBCRgO1Lt/f79m2f1fztZfAwSXu21x09QWBwAgiAwVlxJQQiErBvoLZ337bx0doncLUkOxiJBoHiCCAAiksJDkFgbALzT9rC98KxrWFgXAIvkXTmuEa4HwK5CSAAchPFHgS6I2Cn0Nk0//aSluzODXqehcChkt4FFQiURgABUFpG8AcCwxOwb5hbM80/PLiW7rhS0jNb6otuIDAwAQTAwKi4EAJFEWCav6h0TOvMiySdPe1VXACBFgkgAFqETVcQyEBg+bSoj2n+DDBbNHGIpHe32B9dQWBaAgiAaRFxAQSKIPDidPwuR/AWkY6hnbhC0spD38UNEHAkgABwhItpCIxJ4BFpUd92zSrydca0xe3dE7DCS+d07wYeQGAGAQQAIwEC5RGYmObfQdKTy3MPj0Yk8HFJe414L7dBIDsBBEB2pBiEwMgE1k8r+ZnmHxlh0Tf+UtKzivYQ56oigACoKt0EWyCB+Sbt3Weav8AEZXbpBZLOz2wTcxAYiQACYCRs3ASBsQksl/buM80/NspQBj4mae9QHuNsbwkgAHqbWgIrlADT/IUmpiW3Lpf07Jb6ohsITEkAAcAAgYA/gYdP2rvPNL8/79J7WEvSBaU7iX/9J4AA6H+OibA7AsumvftWtIfV/N3lobSeD5a0T2lO4U99BBAA9eWciP0JWNlX27u/jX9X9BCQwC8kPSeg37jcMwIIgJ4llHA6IzAxzW+L+mylNw0CUxF4nqQLQQSBLgkgALqkT999IDAxzW8P/if1ISBiaIXAgZL2a6UnOoHAXAggABgaEBiNwHqS7N0+0/yj8av9rsskrVI7BOLvlgACoFv+9B6LwLyT9u4zzR8rdyV6u7qkS0p0DJ/qIIAAqCPPRDkegWVSiV6m+cfjyN0zEzhA0v5AgUBXBBAAXZGn3wgEmOaPkKW4Pv5c0qpx3cfz6AQQANEziP+5Ccwzae8+0/y56frY+5Wkj0ratFlZ/wqfLtysPlfSpW7WMQyBKQggABgeEJhB4Klp774t7GM1f4xR8b304D83uburpE/GcP1BLz/Y/OsDwXzG3Z4QQAD0JJGEMTIBm+a3d/tbj2yBG9skcJ+kT6cH/x9n6dgOWLLZgEjNvv3bLAANAq0TQAC0jpwOCyAwMc1vD/61C/AHF6YncJ2kIyR9ZppLvx/wNYBVBbTqgDQItEoAAdAqbjrrmMBT0t59e/A/sWNf6H4wAqdJOrSprnjGYJcr4msA2wlgOwJoEGiVAAKgVdx01hEBq81v7/aZ5u8oAUN2e7ek4yR9rFmXcdOQ90Z8DWC1AKwmAA0CrRJAALSKm85aJPAwSW9KD36m+VsEP0ZXV0r6vKRPjGHDbo34GuBZzS6GX44ZN7dDYCgCCIChcHFxAAI2zW9T/PaNn2n+AAlrFsF9V9JRzbdgW9Wfo0V8DWDnAtj5ADQItEYAAdAaajpyJmDT/Pbgf4NzP5jPQ+BOScemRX22wC9ni/ga4CJJa+aEgC0ITEcAATAdIf57yQRs/G6XHvxrlewovj1IwA7Bsff7tl//AUcuEV8DPFOSvQahQaAVAgiAVjDTSWYCE9P89o1/icy2MedD4JT04Lfp/jZaxNcA+0g6uA049AEBI4AAYBxEIsA0f6RsSX9ND32b6m/7m23E1wAXSGImK9YYD+0tAiB0+qpwnmn+eGm+OD34vyDp3g7dj/gaYEVJ13TIjK4rIoAAqCjZwUK12vy2kp9p/jiJOzE9+K14Twkt4muAvVP9gxL44UPPCSAAep7ggOGtnx78rOYPmDxcDkfgHs14VWOf26b4982S7PhiWo8IIAB6lMxgoVihnqdJWiH9tH+vxDvQYFnE3ZoI/F3SeZLs9MULJf1M0h01AehbrAiAvmW0zHge19Ryf0Ha5zzxwLefJgJoEIBAXALnS7IaBlbO2ATBtXFDqc9zBEB9OW8j4uXTA98e+laG1x72NAhAoP8EzpL0tfS5q//hxo4QARA7f6V4v5qk50t6XvqWv2wpjuEHBCDQCQE7xGlCCFjxJ1qBBBAABSYlgEv2gH9l+pZvD/2lAviMixCAQDcETpZkO0TsJ60gAgiAgpJRuCtLp4e+Pfjtw/v7whOGexAojIDNBNiswDFpt0Fh7tXnDgKgvpwPE7GdpjfxwLefjxjmZq6FAAQgMAcCV6WSx8dDp1sCCIBu+ZfYu63Yn/zQX6hEJ/EJAhAIT8BeC3xE0i/CRxI0AARA0MRldnvepvzolpMe/I/KbB9zEIAABOZEwHYK2AFIJgQ8T4eE/hwIIADqHhaPkfQmSds2C3TsKFIaBCAAgS4IWD0BEwKndtF5rX0iAOrMvJ2UZg99e/g/uU4ERA0BCBRI4LNJCPy2QN965xICoHcpnTIg268/8eBfuK7QiRYCEAhC4DpJO0s6M4i/Yd1EAIRN3VCOvyQ9+Lce6i4uhgAEINANATukyETAcd10X0evCIB+53mz9ODfsN9hEh0EINBTAvtLOqCnsXUeFgKg8xS4OLBjevBbLX4aBCAAgcgEjpb0lsgBlOo7AqDUzIzml+3f31PS+qPdzl0QgAAEiiRwWnME8SuK9CywUwiAwMmb5PqK6cG/Qz/CIQoIQAACsxG4ku3KeUcFAiAvz7atzZ8e/O+StGjbndMfBCAAgZYJ3CmJQmWZoCMAMoHswMxWkuzBv0oHfdMlBCAAga4I/FnS47vqvE/9IgDiZXOt9K3/tfFcx2MIQAACWQhYjQDb3kwbgwACYAx4Ld+6RHrw2yI/GgQgAIHaCRwu6R21QxgnfgTAOPTau3eX9PB/antd0hMEIACB4gnsKunI4r0s1EEEQKGJSW7ZA/+gdFJf2Z7iHQQgAIFuCFiF0xO66Tp2rwiAcvO3RXr4L1uui3gGAQhAoAgCr5L0/SI8CeQEAqC8ZM2bzsa2Ff40CEAAAhCYnsBdkjZoPhdMfylXTBBAAJQ1Fp6fHv7rluUW3kAAAhAonsA1SQRwlPCAqUIADAiqhct2Sw//BVvoiy4gAAEI9JHAZ9Mpgn2MLXtMCIDsSIc2uGR6189RvUOj4wYIQAACsxHYSNKpcJmeAAJgekaeV1gxH1vlv4JnJ9iGAAQgUBGB8yWtI+mBimIeKVQEwEjYstz0EUnvyWIJIxCAAAQgMJnAe9OXK6hMQQAB0P7wWFjSlyS9pv2u6RECEIBAFQRsV4DNAvyiimhHDBIBMCK4EW+zcr728KeG9YgAuQ0CEIDAgAROpIja1KQQAAOOpAyXLS/peElrZrCFCQhAAAIQmJ7AG9Pf3emvrPAKBEA7SV81VaniCMt2eNMLBCAAASNwlaQXSvorOGYngADwHxU2+H7s3w09QAACEIDAHAjYYuuPQgYB0PYYsPrU7Edtmzr9QQACEHiIwGWSVgEIAqDNMbAVJ1S1iZu+IAABCMyVwOaSTobPzAR4BeAzImwP6od9TGMVAhCAAASGJGAPfxMBtEkEEAD5h8PRknbMbxaLEIAABCAwBgF7DWCvA2iJAAIg71D4P/b45wWKNQhAAAKZCNhCQKqvMgOQaTjNbMaKTmzhYhmjEIAABCAwLoGbJK0syaoE0iQxA5BnGBwhyY7zpXVD4N+S7pj0+Xs3btArBMIRsNLkVp/EPvOF8354h98iyV7T0hAAWcaATSnZwT60/ASukXSppKtnecBPftjbv3ng52ePxfoILCbpCUkM7NT83r2uhwjOkvTiHsY1UkjMAIyE7cGbtpV03HgmuFvSPyRd0azSvTIt0vl5evDfDR0IQKAzAktLslK6b5a0ZGde5O94xeaMAPtyUX1DAIw+BF4m6Yej317tnXZG9xnpgW8PffvYt3ybxqdBAALlEVgwCYFDJdm/ozf74maHslXfEACjDQFbSHJhU15ygdFur+6ufyWxdFr6eX11BAgYAvEJ2Cmmx0iymYHI7dOS3h45gFy+IwCGJ/mY9PBfZvhbq7rDpvVthmTiof/bqqInWAj0k8D8zTv0c5sS56sFDu/i5nC2NQL7n811BMDwKM+TtPbwt1Vxx98mPfDtwf+HKqImSAjUR+CL6bVA1MgXb3Zu3RbV+Vx+IwCGI/n15p31ZsPdUsXV3051tu2h/5cqIiZICEDgE83unD2CYthQ0veC+p7NbQTA4Cg/2Zwpvevgl1dx5Zeb94HHNudt29YaGgQgUB+BbzY7dzYJGPaBzcLj/QL6ndVlBMBgOPeUdMhgl/b+qnvSQ9+2P9q7NBoEIFAvgYdLukjSc4Ih+JGk9YP5nN1dBMD0SF/UvPO3Gv/zTH9pr6/486QHP3toe51qgoPAUATskB2bBVx0qLu6vdgWKVsVxKobAmDq9NuAPr15V7R6xaPEtuzZNL99bqmYA6FDAAJzJ7CzJNteF6mtKsmKjlXbEABTp/5zzUr2t1Y6OuzYzIkHP4dnVDoICBsCAxJYRNJ1qZTwgLd0ftnGkr7TuRcdOoAAmDt8e/CbAKit/ac5I+KDkj5UW+DECwEIjEXgcEm7j2Wh3Zu3q72UOwJgzgPOpvxt6j/SO60cvzpWotce/FbogwYBCEBgGAJPk3TtMDd0fO27JFl542obAmD21NtiP1v0Z4v/amn/TA/+g2oJmDghAAEXAjalvpGL5fxG7RTXffObjWMRATB7rmy7n237q6VZ8R771n9BLQETJwQg4EZgPUm2xS5CO0qSHXtcbUMAzJz6rSSdUMlosG0w9uD/WCXxEiYEIOBPwI7avcq/myw9nNwcQb55FktBjSAAHkrc09PU/5OD5nIYt09NC/0uGeYmroUABCAwDYHFAtXYr74YEALgodFs9exf3fNfbzusx1b4Ww1vGgQgAAEPAramaD4Pw5lt/iJgBcOsCBAAM3B+QNL7s5Itz9j56Qxs299PgwAEIOBFwI7+XtLLeEa7vwviZ8aQZzaFAJCeLckejgu5Ue7e8Elpscvt3buCBxCAQM8J2BkhqwWI0c41WTCAn24uIgAkO9HuDW6Euzd8WGW7GronjgcQqJuAvVu33QARWtXPwKqDl7RpOsc+wkAdxUfbzmgCgAYBCECgLQIIgLZIj9lPzQLACv7Y1P+aYzIs9fbXSbKpfxoEIACBNgkgANqkPUZfNQuAvSUdPAa7km99QRI3JfuIbxCAQD8JIACC5LVWAbBCekAuHiRPg7p5X1PIaHlJNw16A9dBAAIQyEwAAZAZqJe5WgXAMZJ28ILakd0b08P//o76p1sIQAACRgABEGQc1CgAXtVsUbFKeH1q50lap08BEQsEIBCWAAIgSOpqFABnNwp13SD5GcTN6otZDAKJayAAgdYIIABaQz1eR7UJgN0lHT4esqLurr6QRVHZwBkIQIBXAIHGQE0CYOm08O9JgfIznavLSrphuov47xCAAARaJMAMQIuwx+mqJgFwpKRdxoFV2L0b9XAtQ2GIcQcCEBiBAAJgBGhd3FKLAFhJkh2C8/AuIDv0uVdzdsHHHexiEgIQgMC4BBAA4xJs6f5aBIAV/LHCP31o1PbvQxaJAQL9JYAACJLbGgTAY9O3/ycGyclUbh4rafsexEEIEIBAfwkgAILktgYBYAfiHBIkH1O5+e1GyGzSgzgIAQIQ6DcBBECQ/PZdAFh89u7/WUHyMTc3z5H0Mkn/DB4H7kMAAv0ngAAIkuO+C4BtJR0XJBdzc/OK9M3/+uBx4D4EIFAHAQRAkDz3XQCcKWn9ILmYm5ubNjMYpwSPAfchAIF6CCAAguS6zwLglZK+FyQPc3PzMz2rXRA8HbgPAQgMQAABMACkEi7pswD4mqTXlQB5RB+uTWcW/GnE+7kNAhCAQBcEEABdUB+hz74KgDUkXTgCj5Ju2bo53veEkhzCFwhkJGB/e+ZJnwh/h+yYbfv8JyODvppCAATJbIRfvFFQRi/7y37/UbLOPaUSsAf9YpKWlLSypCenfz9F0gKS5i3V8Ul+3SvpDkl/kHSjpN+kn7Y4984A/rfpIgKgTdpj9NVHAbBM2vq3yBhcurz1t2nq3/7A0CAQjcD86eH+NEkvkPQ8SYs3tTgWlrRgeuBbSW578EdutzXVRe00zn9IukvSzZJ+KMl27dgBXfbqzmYMamwIgCBZ76MA+ICk9wfhPyc339x8QzomsP+4Xi8BW3i7RbP4dnVJdv5Gjc1qdVwi6WfNrMcRlZ7WiQAIMvL7KAAuSn+AgqRgJjdt4eLrIzqOz1UTsCJVdkbFM6qmMHvw90n6alPAax9Jt1TEBgEQJNl9EwBrSTo/CPtZ3bw1Tf1fHdR/3K6PgH3Tt9k2EwB9OWnTI4u2fsDKkX9O0u89OijMJgKgsITMzZ2+CYAPS3pvEPazurmrJFu8SINA6QRsQd8ukmzMPq50Zwvyz2YnbabkpEY4PVCQX7ldQQDkJupkr28C4FJJqzix8jR7avPOcCPPDrANgUwEbAX/iZJsto02GoGDmu2E+/d4kSACYLRx0fpdfRIAL5T049YJ5ulwY0nfyWMKKxBwI7BOqk1h2/lo4xE4WdI2kuz1QN8aAiBIRvskAA5utuXsHYT7ZDdPa4oWvSKg37hcF4HXSjpa0qPrCts12rMlbS7pL669tG8cAdA+85F67JMAuDwVGRkJRIc3bdb4/Y0O+6drCExHwL6pflFSn/5eTBdzW//9V6lewp/b6rCFfhAALUDO0UVffqHtxD87+S9aO6PZtfDSaE7jb1UENmzW1Xxb0sOqirrdYK1mgHH+Y7vduvWGAHBDm9dwXwTAoU05znfmRdOKtS3TgqpWOqMTCAxJwN75f1fSo4a8j8uHJ/CTZg3TiyT9a/hbi7sDAVBcSubsUF8EgO2df3oQ5hNu2oLF9YL5jLv1EFg+ffNfsZ6QO4/005J278HuAARA50NpMAf6IAA2aOqN20K6aM3eq345mtP4WwUBq9NvAtUK/dDaJbCvpI+022X23hAA2ZH6GOyDALB627v54HGzatUK7aAUGgRKJBD1lVqJLIf16a9pe+APhr2xoOsRAAUlYypX+iAA7PStaDXIt5N0XJAxgpt1EVi2OY/iWkl2hC+tGwLnSrK6JlEbAiBI5qILADtx7MogrCfctHKgawbzGXfrIDBfWpS6SR3hFh3lGyR9pWgP5+4cAiBI4qILgB0CHp3Lcb9BfjkqdHMrSV9o3kE/osLYSwv5t80OjOcGLRKEAChtNM3Fn+gC4BhJJgKitF83pVRtdTUNAqURsL8Ftjbl+aU5VrE/UQ8IQwAEGbTRBcB1wR6ots3n7UHGBm7WReAtko6qK+Tio70hlQm3v3ORGgIgSLYiC4CI7//txD87+Y8GgZIIWJW/y4KW0i6Jo4cvdry5nR4YqSEAgmQrsgCI9v7/pjRbcV+QsYGb9RB4arP17Hpq/ReZ8HMkrVukZ3N3CgEQJGGRBcCX0n7ZIKj1v5LeGsVZ/KyKwE6SPltVxHGCtZMCV5NkXyCiNARAkExFFgC/a44nfVIQzuamHaf6zUD+4modBGz63ypSvr6OcMNFeb8kW59huzOiNARAkExFFQDR3v/fkqb/7w4yLnCzHgLPlPQtSVYAiFYmAcuPfYF4oEz3ZvMKARAkUVEFwM6SbEV9lGbqPdJ2xShc8XN8Arb332YAov4tGJ9A+RZubWYAlpJ0b/mu/tdDBECQREX9pT9Z0qZBGJubr5N0UiB/cbUeAh+UtH894YaN9AmS/hTEewRAkERFFQC3SVosCGNT78tJujOIv7hZF4FoxbTqys5D0dp5J1cFCR4BECRREQXAEyX9Pghfc/N4SW8M5C+u1kXAFqZS+7/8nL9I0tnlu8krgCA5+q+bEQXAOpJsb2yUtnWzAPCEKM7iZ3UETm9KAL+0uqjjBWyvPE8J4jYzAEESFVEAvEnSsUH4mps2/W9FVmgQKJHAeZLWLtExfJqJgNUQsVoiERoCIEKWgs4AHCBpvyB8fyPJqqzRIFAigXklXZAKzZToHz49RGAfSQcHAYIACJKoiDMAdkZ2lKIl35G0cZCxgJv1EVgovU5btb7Qw0X8EUn7BvEaARAkUREFwIWS1gjC98OS3hfEV9ysjwACIE7OD5H07iDuIgCCJCqiALDa2IsH4cv+/yCJqtRNBECcxB8mac8g7iIAgiQqmgBYVNLtQdiamytKuiaQv7haFwEEQJx8IwB8chXtGZiVQrTgnyvpkqwE/IzdEahYkR8FLJdMAAFQcnZm9g0B4JOraM/ArBSiBb9F8636xKwE/IxZ0Q4r3kGDQKkEEAClZmZ2vxAAPrmK9gzMSiFa8LYV5qCsBPyMHS7pHX7msQyBsQkgAMZG2JoBBIAP6mjPwKwUogUfqW75dpKOy5otjEEgLwEEQF6entYQAD50oz0Ds1KIFnyk1aWrNDXWL8uaLYxBIC8BBEBenp7WEAA+dKM9A7NSiBZ8pBoA0dhmHVgYC0EAARAiTf91EgHgk6uq/05HC/5ySSv7jIOsVtkBkBUnxpwIRBMA/8rMYR5J9onQEAA+WYr2DMxKIVrwv26O1102KwEfYzc17/+f4mMaqxDIRiCSALBzNfaS9MumJv78kh4xBoV7ko2VAh0shgAYI+FT3BrtGZiVQrTgb5Gx0gDDAAAgAElEQVS0RFYCPsZ+Iek5PqaxCoFsBCIJgK9KeoOkB7JFLy0oySqLLpDRppcpBIAP2WjPwKwUogVvVQCtGmDp7RxJ65buJP5VTyCSAPiUpN0yZ8we/DdKenxmux7mEAAeVKVoz8CsFKIF/8+mDsB8WQn4GOMUQB+uWM1LIJIAOELSHnnD/+83/xskPSGzXQ9zCAAPqggAH6oOVu3s8vsc7HqY/FLzzWJbD8PYhEBGAggABEDG4fSgqUjbtaN9Cc6ar0jBLyLpzqzR+xnzmK708xbLtRJAACAAPMY+AsCDqoPNSALA3tP90YGBh8kDJO3vYRibEMhIAAGAAMg4nJgB8IDpaTOSALBtdbZgJ0Kzc7vtnR0NAiUTQAAgADzGJzMAHlQdbEYSALZn90oHBh4md5T0eQ/D2IRARgIIAARAxuHEDIAHTE+bkQTAapIu9oSR0fZmTcXCb2S0hykIeBBAACAAPMYVMwAeVB1sRhIA60iy/fUR2kslnRHBUXysmgACAAHg8QuAAPCg6mAzkgBYrymuYwMrQnuRpLMjOIqPVRNAACAAPH4BEAAeVB1sIgAcoEpCAPhwxWpeAggABEDeETXDGgLAg6qDTQSAA1QEgA9UrGYngABAAGQfVAgAD6Q+NhEAPlyZAfDhitW8BBAACIC8I4oZAA+ebjYRAD5oEQA+XLGalwACAAGQd0QhADx4utlEAPigRQD4cMVqXgIIAARA3hGFAPDg6WYTAeCDFgHgwxWreQkgABAAeUcUAsCDp5tNBIAPWgSAD1es5iWAAEAA5B1RCAAPnm42EQA+aBEAPlyxmpdAJAFwVHMY2E55w9eCkn4vadHMdj3M2dkidsZIhMY2wAhZkoQA8EkUAsCHK1bzEogkAM6XtINmfGOfT9LDx0BxX7KxnKSfSnrYGLbauhUB4EM60jMwO4FIwVMJMHv6MVg5gUgC4D+Svivp9uaobfv3uM0ExBKSXjKuoZbuRwD4gI70DMxOIFLwCIDs6cdg5QQiCYDKU/Xf48V5BZB/FER6BmaPPlLwCIDs6cdg5QQQAHEGAALAJ1eRnoHZCUQKHgGQPf0YrJwAAiDOAEAA+OQq0jMwO4FIwSMAsqcfg5UTQADEGQAIAJ9cRXoGZicQKXgEQPb0Y7ByAgiAOAMAAeCTq0jPwOwEIgWPAMiefgxWTgABEGcAIAB8chXpGZidQKTgEQDZ04/BygkgAOIMAASAT64iPQOzE4gUPAIge/oxWDkBBECcAYAA8MlVpGdgdgKRgkcAZE8/BisnsICkc5sCO8+tnEOE8D8uaa8IjkqiFHCQRCEAfBJFKWAfrljNS8BK6p4jac28ZrHmQODDkt7nYNfDJALAg6qDTQSAA1RJCAAfrljNS2AeST+RtEZes1hzILCPpIMd7HqYRAB4UHWwiQBwgIoA8IGKVRcCdsjOWi6WMZqTwNskfS6nQUdbCABHuDlNIwBy0nzIFjMAPlyxmp/A/wU6ECd/9HEsbi7p5CDuIgCCJAoB4JMoBIAPV6zmJ/AtSRvnN4vFzAReLumHmW16mUMAeJHNbBcBkBloMocA8OGK1fwEviBpu/xmsZiZgK3TuDizTS9zCAAvspntIgAyA0UA+ADFqhuBAyTt52Ydw7kIPFXSb3IZc7aDAHAGnMs8AiAXyZntMAPgwxWr+QlsI+lL+c1iMSOB2yU9uakDcHdGm56mEACedDPaRgBkhDnJFALAhytW8xN4tqTvSFoqv2ksZiLwPUkbSXogkz1vMwgAb8KZ7CMAMoGcxQwCwIcrVvMTmFfSVyVtlt80FjMQ+I+knSUdlcFWWyYQAG2RHrMfBMCYAOdyOwLAhytWfQi8XdKnfExjdUwCt0laXdINY9pp83YEQJu0x+gLATAGvCluRQD4cMWqD4HlJV0rKdLfAx8S5Vm1sxpeWJ5bU3qEAAiSsEi/8BwGFGRQ4WY4Ag+TdFXzKmCFcJ733+H9JdlOjUgNARAkWwgAn0QxA+DDFat+BHaTdISfeSyPQOD3kl4p6fIR7u3yFgRAl/SH6BsBMASsIS5FAAwBi0uLIPDwZqX5zyStXIQ3OGEE3ivpoIAoEABBkoYA8EkUAsCHK1Z9Cewq6XBJ9kqA1i2BW5vtmatK+l23bozUOwJgJGzt34QA8GGOAPDhilVfAo9KNQGiLTrzpdKN9T0lHdZN12P3igAYG2E7BhAAPpwRAD5csepPYH1JZ/p3Qw9TELAdGfYq5r6glBAAQRKHAPBJFALAhytW/QlYYaBTUuU5/97oYVYC9tC3VzGRCv/MGgMCIMi4RgD4JAoB4MMVq+0QeGJaeb54O93RyyQCx6fTGe8PTAUBECR5CACfRCEAfLhitT0Cr04lghdsr8vqe7pI0gaS7ghOAgEQJIEIAJ9EIQB8uGK1XQK7SDqy3S6r7e0PktaUdHMPCCAAgiQRAeCTKASAD1estk/gEEm2Ip3mR8CO+d1e0ol+XbRqGQHQKu7RO0MAjM5uqjsRAD5csdoNgS82h9G8sZuue9+rnfb3VknH9ChSBECQZCIAfBKFAPDhitVuCNg6ANuTbg8qWj4Ct0uyEswnSHogn9nOLSEAOk/BYA4gAAbjNOxVCIBhiXF96QSsVPD7U3na0n2N4J+9699Wkj0s+9YQAEEyigDwSRQCwIcrVrsnsKWkoyUt3L0rYT24WNLGzYyKLfzrY0MABMkqAsAnUQgAH65YLYPAGpLel7as2cwAbTACf5X0lTSTYtP/fW0IgCCZRQD4JAoB4MMVq+UQWEjSa9LDbLly3CrWk+82sya2o+KcYj3M5xgCIB9LV0sIAB+8CAAfrlgtj4DNANg2wf0lLVCee517dJWkvSWd2rkn7TmAAGiP9Vg9IQDGwjfXmxEAPlyxWi4BKxts1QM3krSWpMeX66q7Z1dKOj+dqWA//+7eY1kdIADKysdcvUEA+CQKAeDDFavlE7DFgStJsnUCL5O0uqRFJdlMwTzluz+Sh3dJ+qOks9MUv5X0vUHSv0eyFv8mBECQHCIAfBKFAPDhitV4BB6dhMAqkpaRtLSkx0qy/9/Egv0NivJ3yPbq/03Sn1PJ3t9Iur6J7yeS7KF/T7z0uHiMAHDBmt9olF88i3y9QHtmEQD5x+owFpdqyqquKOnp6efykhaRZAVtJn/s/7Nm3+CsHOvkz52Sfi3p6kmfPtRpH4Zj7mvtqOH50kyA/dtmBSb+d+6+ctuz0/nsqN5/pZ/2b/tYJT/azAQiCYCbHJJnY+Qfkmynx61pNuhyST9taj/c6NDfyCYRACOjm/JGBIAP1zlZXayZdl1f0jqS1k4PfFuh7tHsl9oWdV0g6cdpyvc2j46wCYHABCIJgLYw2xcKe/hf2vytOlPSt5JIaKv/OfaDAPDBjwDw4WpW7eH+UkkvTg/9Z/t1NZBlU/YmBuyP3ukl/FIP5DUXQcCPAAJgerYmAvZNr46mv9rpCgSAD1gEQF6u9tC3ymmbN9NoL5c0f17z2azZO+AfSPq6JNv3bTMGNAjURgABMFjG7RXSyUkI2HqS1hsCwAc5AmB8rrZAzB76mxX+0J9bpPcmMXASYmD8wYCFUAQQAMOly9YZ7ZFmEIe7c8yrEQBjApzL7QiA0bna6vB3Sdq1R/XmbZHhEc1CxEObX/Q7RkfDnRAIQQABMHyabHeJ/d1r9VhoBMDwiRrkDgTAIJRmvuaR6Rdg9+boWft3H5v9ktuxuodLskVBNAj0kQACYPSsfiiV1x7dwhB3IgCGgDXEpQiAwWHZGHxLsyXsQElWTa6G9hdJ+0j6fM/Oga8hd8Q4PQEEwPSMprpiJ0lHjWdisLsRAINxGvYqBMBgxGwF/xcldb2SfzBv819lxWPelrYG5beORQh0QwABMB53q0eybVogOJ6lae5GAPjgRQBMzdXe839M0vaBqsD5jJQZhWSOlvQe1gd4IcZuywQQAOMDt1eEa0q6ZnxTc7eAAPChiwCYM1cbb/aN98PNojgr4EN7iICdFW/7gk0MWMlZGgSiEkAA5MmccdwgVZzMY3EWKwgAF6xCAMzO1b71n9IUzFnXB3lvrJ7VVBvcotkFYYKABoGIBBAA+bJmBc/sb4JLQwC4YEUAzILVDoKxwjhP8sHdO6u/k7RJc7Tuz3oXGQHVQAABkC/L35G0lVdRMQRAvkRNtsQMwEM03tqc/PbJdOiLD+1+WrUDRXaUdHw/wyOqHhNAAORLrm0d3lDSeflMPmQJAeBBVcwAJKyfSe/8fSjXYfXjzTGze7MuoI5k9yRKBEDeRB7UrAN4b16TM6whADyoIgDsmNcTUu1+H8J1Wf1ac+78NpL+XVfYRBuUwLmSXhDU9xLdvljSGh6OIQA8qNYtABZsBuv3WeyXfWDZSYOv9XoXmN1bDNZMwB5Yq9UMIHPsv0+CKvuBQQiAzJlK5mpdA2Ar/e2Yy+f4YK3e6s/TUcjsEKh+KBQN4IrmRMxnFO1hLOesJoBVSz0xt9sIgNxEZ9irUQAslbarLOuDFKuJwK8krd8sELSdAjQIlEjg183iVf4O5MuM1QWx2in75zM5wxICIDfROgWA1fC3srbL+ODE6iwErk9VwpgJYGiUSOBGSU8p0bHAPh0pyQ5Ks8qh2RoCIBvKmQzVNAOwiCRb9FNrPX+fETS9VXsdYEWV7KhhGgRKImDvqpcuyaEe+GKLqt+UeyFwJAGwttdeSIfB8QpJpznYLc3kfM1DyLb8rFWaY5X4Y3uDrVKY1QygQaAUAvZ6iqJfebNxcioIdF9Os5EEwIpNidSrcgbvaMvq3X/O0X4JpudpFvt9KxWpKMGfWn2wSmGvyT01WCtM4s5C4DbO+sjCcbIRKwi2naT7c1qOJAAeL+mPOYN3tHVwOu/dsYvOTX9F0us79wIHjMDnU9VAaECgBAL3SJq/BEd65MMhkvbKXRAskgCw4jJRpjqtcEufH457SrIBSSuHwG6SPlWOO3hSKYGFWZeSPfP/aL75v0/SJ3JbjiQALHari/zI3BAc7P1U0vMd7JZg0hb7XdJsS5m3BGfw4UECJo7t/PDLYAKBDgnY9j/bBkjLR+COZvZ7p9rrABjOKNtL7FXFEvnyX4wlW/F/OVt8isnHrI7Y6msrwHJ3sR7iWN8JPK85w/6CvgfZcnw3p1LA2V+BR5sBsONRV20Z/qjd9XEroC3623hUINzXCoG+v35qBSKdjExgX0kHjnw3N86JwFlpt092OtEEwP81WwFfkp2Cj0E7CW8XH9OdWLVSlEd10jOdDktg+2Yf9rHD3sT1EBiTgC38s1dQK4xph9tnJrCfl6iKJgDs283rgoyOW9N0rP2M3p4g6QZJC0QPpBL/rTiQ/RH+QyXxEmYZBN4s6X/LcKU3Xli1z3Wa597VHhFFEwDRzpe3GQDzOXo7iaN9w6XQtmm+IZzXOByZAMcA58/eAc3Wv/fn3v434WY0AWAHIrw3P2M3i2eng4HcOmjBsK1lsHdQtHgE7Ez28+O5jccBCVgxqlMC+l2yy7b975lNCeDsxwBHFQARB9k7JB1e8iibwjervXANh/wEzd6M3NkfkKzVw8LSwHEvAvbu39ZnmeCk5SNwhKQ98pmb3VK0GYDHSfqTJxAn27Zy3kq2RmvvlvSxaE7j70wEIgtQUhmDgBWocX1QxcCQ1UurJfNSSX/PanUWY9EEgLl/RVpc58klt20TLbaQLlKzil62iMx+0uISuD0dzGLlWWkQyE3A1pl8ObfRyu3dlNbvuL++iygAoi0EnBjLF6diDlHGttWd/mgUZ/FzSgLv9CgjCvPqCdhOE3vNRMtHwL7xvzIdsZ7P6lwsRRQAW0uyk5Eitg82Tn8ggON2zO/vJT0mgK+4OD2BW9L57P+e/lKugMBABBaTZKf+0fIRsN9TO/Hv9Hwmp7YUUQA83WtPZEvQv9mU031tS32N2o3Vnf7sqDdzX5EEdpD0hSI9w6loBDaXZFuDafkI2PkJdqDXD/KZnN5SRAFgUf2qee+03PThFXvF9Wlf/c8L9PBhqejP0gX6hkujE7hOkonnB0Y3wZ0Q0EckvQcOWQlcJenVkuy50GqLKgDsFYC9CojerLzu0YUF8SpJpxbmE+7kIbBBm9OLeVzGSkEEjpFkM0m0PAR+mxZQHtzVEcpRBYBNldgeyT40Kxb09fQpoWzwiZK26ANYYpiNgK3W3gYuEBiCwEppttKm/e2kSdp4BGwdju2u+nxTo+Pkhu2V45kb7+6oAmD1ZqXkReOFXtzd9vCfEAImCrpoC0mybWNWAIjWPwL3Snqs997i/mGrMiITijbL+rIqo88btL12s4f+jyR9N83C2d/ZzltUAWDg+nw0rdUNsOmhiY+9G7KP/QH3bLb9xIr/1NDsF9AOOLK2TDOjZKuaa2gHpaptNcRKjNMTsHG/bPrY78HEv6e/M+YV9tz4vrPr9i3fyvjaQT5Wxtf+1tjfbqvFUdQanMgCYMvmxLOvOicS8/0g8Mt0noEpcFtAag/+WcWUnXT41LRQbl1J66cyuv0gQBQQgIA9gFfuYrFdqegjCwBjan/YrdY5DQKzErA9yvs3D3Q7QtqU+ChtcUmvl2T1Gx49igHugQAEiiFwbDOrun0x3hTgSHQBYCcD2gmBNAhMEDCVb4cv2XaluzJhWUTSvqneuR18QoMABOIRYBfMLDmLLgDsfZXNAtj0LQ0Cl6QiSzc7oVhKkhVyWtXJPmYhAAEfAuc0i/Ds1R5tEoHoAsBCsepmVj6RVjeBbzd1yW1diPdCSZsBsNcKdsIjDQIQiEFgF0l2jgytZwLAtqn8kKxWTeBDzera97dM4ABJ+7XcJ91BAALDE7Aa+7b4j7MLZmHXhxkAC+nHzSrvFw4/LrijBwTscCVbpNdFs77bFh5dxEmfEIhM4LBmPdCekQPw8r0vAsBeAXDQidcoKdfuNyRt1rF79urB6njTIACB8gjYfvx1mld2JZ670jmtvggAA2llFTftnCgOtEXg8qagxxqS/tlWh3Ppxxag/qQpTPWcjv2gewhAYHYC9pruQMDMmUCfBMBqTfEWW+nJjoD+j/b7U8EeO0KzhPa05vwEO9FrnhKcwQcIQOC/BC5I3/7t7wVtDgT6JAAsPCv80tX7YAZYewTsIKg92utuoJ4+JentA13JRRCAQBsE7NWc1d6nzYVA3wTAfJLOTVPDJL2fBKyuttV/KOIwjUmIrVLgjZIe2U/sRAWBUASOkrRTKI87cLZvAsAQbpKKtXSAky5bILB7U5b3ky30M0oX75R06Cg3cg8EIJCNgBUCs11hdhAPbQoCfRQAFu7RknYk870j8K/mAWtlee1nic2OU/4bawFKTA0+VUSAoj8DJruvAsCOtbRXAU8ckAOXxSDwA0l2ZHHJ7Yxm7L24ZAfxDQI9JmBH/b6qx/FlDa2vAsAg7VrwVHHWJFZkzHJ6ZOHxvqNZB2CFR2gQgED7BGzP/3ntdxuzxz4LAMvIpyXtHDM1eD0HAk+SZGU9S24rNGcSXFOyg/gGgZ4SsIJwx/U0Npew+i4ADNp3JG3kQg+jbRKwY34XbLPDMfq6rzmmet4x7udWCEBgOAK2APcTw93C1TUIAMuylYGkUlvs8W4HeSweJIQ7mj9GjwriK25CIDoBO5jLasDQhiRQiwB4QlMz/opAD5Ah01jF5X+SZHmM0P7cvH56bARH8RECwQnYGTA7BI+hM/drEQAGeNXmVcDPOiNNx+MS+KOkJcY10tL9JlYe11JfdAOBWglcJGnNWoPPEXdNAsB4bUhpyBzDphMbkWYATKw8vhNKdAqBOgjYmqBFC64JEiILtQkAS8pbmm+SViaSFovArYG+VfMKINbYwtt4BOx1oH0poI1BoEYBYLg+IOn9Y3Dj1vYJWIU9U/wRmvnKmQARMoWPEQmsnY7gjuh7UT7XKgAsCZtKOrmobODMVAQeSCV27WfJzX6n7PjRmn+3Ss4PvsUmsJKkq2OHUI73tf+RYmFgOWNxEE9WTrs5Brm2q2vMx8u76px+IdBTAr9rvrA9M5210dMQ2w+rdgFgxJ8q6ceSlmwfPz0OSWAvSR8f8p62L99b0sFtd0p/EOgxgQskrdXj+DoLDQEwA729Wz4hwEEznQ2UQjo+K8BBOyYm7ShSGgQgMD6Br0vaYnwzWJgTAQTAzFQ+L2l7hkqxBOzdulXY+0ehHlqp4js5DrjQ7OBWNAJ2qNae0ZyO5C8CYPZsHcKgK3oIl3wioNUjP7RoejgHgRgE7FTNw2O4GtdLBMCcc2cPmfdIemLc1PbW879KWrrAWYCFmtmj3zZHUD+6t+QJDAL+BH6a1tB8278rekAAzH0MLCNpH0k7MkyKI7CfpAML84raEoUlBHdCEbg7Pfg/IunfoTwP7CwCYPrkbZKEwBrTX8oVLRGwQjs2C2A/S2j2rd++/dssAA0CEBiOgC30s50zlw53G1ePSwABMBjB+dIrAXstsMBgt3CVM4HvN4c7bdQcA/of536mMz9Ps0XpdEnrT3ch/x0CEJiJwLXpwX8cXLohgAAYjvtqSQhYFUFa9wT+V9JbO3bjeElbd+wD3UMgGoFPSLLpfjvjg9YRAQTAaOC3k/Qm9nuPBi/zXfumPySZzQ5kbv+m5O8HB7qSiyAAASNg5dc/J+lMcHRPAAEwXg5eJmnL9OHVwHgsx7n7Qx0c7mSLEE180CAAgakJ3CTpa+lzGbDKIYAAyJOLZScJAatXTWufgG0b2kqSrSb2bFbs5yuSNvbsBNsQ6AEBq9w58eC/qwfx9C4EBED+lE7MCPCAyM92OotXSNpA0i3TXTjif7fzImzxISJvRIDc1nsC9qCfeOibAKAVTAAB4Jec1SXZudVrSnqepKf4dYXlSQTuaHZqfFTSEZLuyUTGtvdZZbJ3S3pkJpuYgUBfCFwo6ZL0+ZEkm/KnBSCAAGgvSfat0QSBnWplguBp7XVdZU9/kGRrA06SdNuIBBaX9HpJ75P0uBFtcBsE+kTg3uZArnMlnSfp4vTQZyV/0AwjALpL3BJJDKySysdaMRl74NjPiQ/fNvPk53JJZze7NmxK8jpJNzbbOe0P2eRmizjtaOinN9eulz4r5+keKxAIQcBqaphYtnLb9pn875vTQ9++6dN6QgABUHYiHz6LILD/7dls3cIenh0UZNv+uN3QlBQ2pks1rwwWK8g3T1fssKJTPTvAdigCtmh24kF/eyjPcXZsAgiAsRH2yoA9BG06z6rb0fpH4D5Jj5fEH/r+5ZaIIDA0AQTA0Mh6f4N9O3xV76OsM0DbKmlnW9AgAAEICAHAIJiVgC16s33utP4R2EKSHbxCgwAEIIAAYAzMRsAOPvqNJFukSOsPAdsVYWsdOGq1PzklEgiMRYAZgLHw9fZmWwhoh3XQ+kNgV0lH9iccIoEABMYlgAAYl2A/77ctcXa+/WP6GV51Uf1F0pOaswv+VV3kBAwBCMyVAAKAwTE3AnulinoQik9gz6aC4WHxwyACCEAgJwEEQE6a/bK1sCQr/rFov8KqLhr79m/v/nOVRa4OIAFDoK8EEAB9zWyeuHZLNfXzWMNKFwR2bvb+f7aLjukTAhAomwACoOz8dO2dFQS6VNKzunaE/kci8EtJz5b0wEh3cxMEINBrAgiAXqc3S3B2quFFWSxhpE0C9tBfIx3W0ma/9AUBCAQhgAAIkqiO3TymWQ+wQ8c+0P1wBI6StNNwt3A1BCBQEwEEQE3ZHj1WWwhoJ+ixIHB0hm3eaQv/lm8OdrqjzU7pCwIQiEUAARArX116+5pmLcApXTpA3wMTeIWk0wa+mgshAIEqCSAAqkz7yEF/RtLbRr6bG9sg8MnmtL/d2+iIPiAAgdgEEACx89e293ZOgO0KeEbbHdPfQAR+IckWbdqxvzQIQAACUxJAADBAhiVg75Yvk7TgsDdyvSuBu9J2TTvIiQYBCEBgWgIIgGkRccEcCGwp6auQKYrAJpK+XZRHOAMBCBRNAAFQdHqKdu7gprzs3kV7WI9zBzbH/O5XT7hECgEI5CCAAMhBsV4bx0vaut7wi4j8y5K2KcITnIAABEIRQACESldxzlqp4NMlrV+cZ3U4ZFv9NpR0fx3hEiUEIJCTAAIgJ806bS0k6dzm/fMqdYbfWdRWnnldSfd25gEdQwACoQkgAEKnrxjnF5d0oaRli/Go345cL2k1Kv31O8lEBwFvAggAb8L12F9a0hmSlqsn5E4i/VUz4/Li5myGmzvpnU4hAIHeEEAA9CaVRQTyuCQCVi7Cm/45YfUX7OF/W/9CIyIIQKBtAgiAton3v79FJP1A0tr9D7XVCH/cHMv8Skl3t9ornUEAAr0lgADobWo7DewRkk5OK9Q7daQnnVuBn80p8duTbBIGBAohgAAoJBE9dONhkr7QHCO8bQ9jazMkY7ijpAfa7JS+IACB/hNAAPQ/x11HuLOkwyTZrABtcAK2ve8dkj43+C1cCQEIQGBwAgiAwVlx5egE7PRAm8Zmm+BgDK+VtGkz7X/lYJdzFQQgAIHhCSAAhmfGHaMRsNMDj5W0xWi3V3OXMbJZEwr8VJNyAoVANwQQAN1wr7nXjSUdKenJNUOYQ+y3SNpe0g/hAgEIQKANAgiANijTx6wErHzwAc1+9t2an3aeQM3t35KOkLQ/W/xqHgbEDoH2CSAA2mdOjw8ReE56LWA/a2yXppP8rqoxeGKGAAS6JYAA6JY/vUu2XXAXSXamvRURqqHdKWlfSZ9he18N6SZGCJRJAAFQZl5q9GoxSbumz2N6CuDWtP7hU5Ju72mMhAUBCAQhgAAIkqiK3LR6AbYYbs8ebRv8daqFYEV9/llRLgkVAhAomAACoODkVO6avRp4kaQ3pj3xtnAwUvu7pG80IuZ4SWcx1R8pdfgKgToIIADqyHP0KBeQtFkSA+trxrqBEtt/JJ0p6Uvp4X9PiU7iEwQgAAEjgABgHEQj8GhJ60paL33s6OGuxrHV5zjz/d0AAAQ1SURBVL+88ePs9DmHo3qjDSf8hUC9BLr6w1kvcSLPTWBCENjrgudJWkmS1+uCfzSVDG3L3gXpgW9H9N6WOyDsQQACEGiDAAKgDcr00TaBpSStkMTAipKWT1sMrRzx5M/EtsO7UhGeuyf9/JskW7x3dfpcI+nmtgOhPwhAAAJeBBAAXmSxCwEIQAACECiYAAKg4OTgGgQgAAEIQMCLAALAiyx2IQABCEAAAgUTQAAUnBxcgwAEIAABCHgRQAB4kcUuBCAAAQhAoGACCICCk4NrEIAABCAAAS8CCAAvstiFAAQgAAEIFEwAAVBwcnANAhCAAAQg4EUAAeBFFrsQgAAEIACBggkgAApODq5BAAIQgAAEvAggALzIYhcCEIAABCBQMAEEQMHJwTUIQAACEICAFwEEgBdZ7EIAAhCAAAQKJoAAKDg5uAYBCEAAAhDwIoAA8CKLXQhAAAIQgEDBBBAABScH1yAAAQhAAAJeBBAAXmSxCwEIQAACECiYAAKg4OTgGgQgAAEIQMCLAALAiyx2IQABCEAAAgUTQAAUnBxcgwAEIAABCHgRQAB4kcUuBCAAAQhAoGACCICCk4NrEIAABCAAAS8CCAAvstiFAAQgAAEIFEwAAVBwcnANAhCAAAQg4EUAAeBFFrsQgAAEIACBggkgAApODq5BAAIQgAAEvAggALzIYhcCEIAABCBQMAEEQMHJwTUIQAACEICAFwEEgBdZ7EIAAhCAAAQKJoAAKDg5uAYBCEAAAhDwIoAA8CKLXQhAAAIQgEDBBBAABScH1yAAAQhAAAJeBBAAXmSxCwEIQAACECiYAAKg4OTgGgQgAAEIQMCLAALAiyx2IQABCEAAAgUTQAAUnBxcgwAEIAABCHgRQAB4kcUuBCAAAQhAoGACCICCk4NrEIAABCAAAS8CCAAvstiFAAQgAAEIFEwAAVBwcnANAhCAAAQg4EUAAeBFFrsQgAAEIACBggkgAApODq5BAAIQgAAEvAggALzIYhcCEIAABCBQMAEEQMHJwTUIQAACEICAFwEEgBdZ7EIAAhCAAAQKJoAAKDg5uAYBCEAAAhDwIoAA8CKLXQhAAAIQgEDBBBAABScH1yAAAQhAAAJeBBAAXmSxCwEIQAACECiYAAKg4OTgGgQgAAEIQMCLAALAiyx2IQABCEAAAgUTQAAUnBxcgwAEIAABCHgRQAB4kcUuBCAAAQhAoGACCICCk4NrEIAABCAAAS8CCAAvstiFAAQgAAEIFEwAAVBwcnANAhCAAAQg4EUAAeBFFrsQgAAEIACBggkgAApODq5BAAIQgAAEvAggALzIYhcCEIAABCBQMAEEQMHJwTUIQAACEICAFwEEgBdZ7EIAAhCAAAQKJoAAKDg5uAYBCEAAAhDwIoAA8CKLXQhAAAIQgEDBBBAABScH1yAAAQhAAAJeBP4ffoSfarneqYEAAAAASUVORK5CYII=', NULL, 'caravans', 'caravans'),
	('2024-10-10 15:07:24.253153+00', 'forest', NULL, NULL, NULL, NULL),
	('2024-10-10 15:08:42.992016+00', 'landscape', NULL, NULL, NULL, NULL);


--
-- Data for Name: chats; Type: TABLE DATA; Schema: public; Owner: postgres
--

INSERT INTO "public"."chats" ("id", "created_at", "listing_id", "user_id") VALUES
	(36, '2024-11-28 06:48:56.7296+00', 3, 'cf5a9a3e-b219-4d21-8f67-3175d7d862ca'),
	(37, '2024-11-28 07:05:43.21743+00', 10, '03f88e02-4838-41fc-8c20-e441d1f1c910'),
	(25, '2024-11-27 18:29:19.076742+00', 12, '83dad355-6061-47fb-8537-16105dda3c8e');


--
-- Data for Name: posts; Type: TABLE DATA; Schema: public; Owner: postgres
--

INSERT INTO "public"."posts" ("id", "created_at", "body", "title", "url", "listing_id", "user_id") VALUES
	(1, '2024-07-14 22:06:51.590755+00', 'كانت مغامرة اليوم رائعة ومليئة بالإثارة.قمنا بزيارة عين حمران، عين رزات، وعين حشير، واستمتعنا بجمال الطبيعة الخلابة والمياه العذبة.كانت الأجواء مثالية لاستكشاف المناطق المحيطة وقضاء وقت ممتع في أحضان الطبيعة.تجربة لا تُنسى بحق🇴🇲❤️💫☕️
#Roojy
#سياحة 
#خريف_ظفار 
#خريف_صلالة_2024 
#خريف_ظفار_2024 
#TuesdayLove', 'سياحة صلالة', 'https://cdn.getyourguide.com/img/tour/576b7b5e981b6794.jpeg/98.jpg', NULL, '03f88e02-4838-41fc-8c20-e441d1f1c910'),
	(2, '2024-07-21 15:39:58.940892+00', '‏أجمل الأماكن السياحية في خريف صلالة 
أدخل خرائط جوجل وأكتب وجهتك السياحية واستمتع في خريف صلالة

1- دربات
2- شعت
3- عين جوجب 
4- جبل السان
5- وادي نحيز 
6- عين جرزيز 
7- أتين
8- عين أثوم 
9- حفرة الإذابة
10- عين طبرق
11- عين حمران
12- جبل سمحان - فوق السحاب
13- عين صحلنوت 
14- عين ارزات', 'اجمل اماكن صلالة', NULL, NULL, 'cf5a9a3e-b219-4d21-8f67-3175d7d862ca');


--
-- Data for Name: comments; Type: TABLE DATA; Schema: public; Owner: postgres
--

INSERT INTO "public"."comments" ("id", "created_at", "user_id", "text", "listing_id", "post_id", "replay_to") VALUES
	(1, '2024-07-12 13:04:25.029962+00', '03f88e02-4838-41fc-8c20-e441d1f1c910', 'سشيشسيسش', 4, NULL, NULL),
	(2, '2024-07-13 11:46:54.7003+00', 'cf5a9a3e-b219-4d21-8f67-3175d7d862ca', 'مكان جميل وممتع', 3, NULL, NULL),
	(5, '2024-10-09 17:50:44.082056+00', 'cf5a9a3e-b219-4d21-8f67-3175d7d862ca', 'as', 7, NULL, NULL),
	(6, '2024-10-09 17:54:07.033332+00', 'cf5a9a3e-b219-4d21-8f67-3175d7d862ca', 'ssss', 7, NULL, NULL),
	(8, '2024-10-29 10:31:15.57077+00', 'cf5a9a3e-b219-4d21-8f67-3175d7d862ca', 'w', 3, NULL, NULL);


--
-- Data for Name: feedbacks; Type: TABLE DATA; Schema: public; Owner: postgres
--



--
-- Data for Name: states; Type: TABLE DATA; Schema: public; Owner: postgres
--

INSERT INTO "public"."states" ("id", "created_at", "likes", "shares", "views", "updated_at", "listing_id") VALUES
	(7, '2024-09-05 19:44:12.904642+00', 1, 0, 0, '2024-09-05 19:44:12.904642+00', 7),
	(5, '2024-07-16 13:56:00.727437+00', 2, 0, 0, '2024-07-16 13:56:00.727437+00', 3),
	(3, '2024-07-05 12:01:57.312436+00', 1, 0, 0, '2024-07-05 12:01:57.312436+00', 4),
	(10, '2024-10-11 17:47:42.313172+00', 0, 0, 0, '2024-10-11 17:47:42.313172+00', 10),
	(12, '2024-10-11 18:04:15.597125+00', 0, 0, 0, '2024-10-11 18:04:15.597125+00', 12);


--
-- Data for Name: likes; Type: TABLE DATA; Schema: public; Owner: postgres
--

INSERT INTO "public"."likes" ("created_at", "user_id", "listing_id", "id", "state_id") VALUES
	('2024-08-15 19:28:11.155141+00', 'c5e1a434-ea12-4b3a-bc04-81f95d7ed762', 3, 22, NULL),
	('2024-10-03 20:34:53.920567+00', '77c70a9f-c6ac-4e59-9e35-530b63fe14b4', 4, 45, NULL),
	('2024-10-14 20:11:11.550075+00', '1e6f5985-1336-4be5-9209-dbdff6437c92', 4, 51, NULL),
	('2024-11-26 07:29:44.235824+00', 'cf5a9a3e-b219-4d21-8f67-3175d7d862ca', 7, 75, NULL),
	('2024-11-26 07:55:47.100115+00', 'cf5a9a3e-b219-4d21-8f67-3175d7d862ca', 12, 85, NULL),
	('2024-11-26 08:03:35.119877+00', 'cf5a9a3e-b219-4d21-8f67-3175d7d862ca', 10, 89, NULL),
	('2024-11-28 05:02:32.242161+00', 'cf5a9a3e-b219-4d21-8f67-3175d7d862ca', 4, 92, NULL);


--
-- Data for Name: listing_types; Type: TABLE DATA; Schema: public; Owner: supabase_admin
--

INSERT INTO "public"."listing_types" ("name") VALUES
	('hotel'),
	('villa');


--
-- Data for Name: listings_reports; Type: TABLE DATA; Schema: public; Owner: supabase_admin
--



--
-- Data for Name: locales; Type: TABLE DATA; Schema: public; Owner: postgres
--



--
-- Data for Name: messages; Type: TABLE DATA; Schema: public; Owner: postgres
--

INSERT INTO "public"."messages" ("id", "created_at", "user_id", "text", "url", "chat_id", "is_read") VALUES
	(100, '2024-11-27 18:29:39.679371+00', '83dad355-6061-47fb-8537-16105dda3c8e', NULL, NULL, 25, false),
	(105, '2024-11-28 06:49:10.466116+00', 'cf5a9a3e-b219-4d21-8f67-3175d7d862ca', 'ssss', NULL, 36, false),
	(106, '2024-11-28 06:57:59.945381+00', 'cf5a9a3e-b219-4d21-8f67-3175d7d862ca', 'ddd', NULL, 36, false),
	(107, '2024-11-28 06:58:06.435547+00', 'cf5a9a3e-b219-4d21-8f67-3175d7d862ca', 'sdfsdfdsfsdf', NULL, 36, false),
	(108, '2024-11-28 06:59:07.200227+00', '83dad355-6061-47fb-8537-16105dda3c8e', NULL, NULL, 36, true),
	(109, '2024-11-28 07:06:01.698283+00', 'cf5a9a3e-b219-4d21-8f67-3175d7d862ca', 'ssaas', NULL, 37, false);


--
-- Data for Name: metas; Type: TABLE DATA; Schema: public; Owner: postgres
--

INSERT INTO "public"."metas" ("id", "created_at", "updated_at", "name") VALUES
	(1, '2024-07-05 11:17:44.993249+00', '2024-08-03 15:51:09.861849+00', 'min_version'),
	(1, '2024-09-06 18:54:45.178378+00', '2024-09-06 18:54:45.178378+00', 'cost'),
	(2, '2024-09-06 18:54:53.67747+00', '2024-09-06 18:54:53.67747+00', 'discount'),
	(3, '2024-09-06 18:55:00.064014+00', '2024-09-06 18:55:00.064014+00', 'rooms'),
	(4, '2024-09-06 18:55:08.331843+00', '2024-09-06 18:55:08.331843+00', 'type'),
	(5, '2024-09-06 18:55:20.629374+00', '2024-09-06 18:55:20.629374+00', 'image');


--
-- Data for Name: news; Type: TABLE DATA; Schema: public; Owner: postgres
--



--
-- Data for Name: notifications; Type: TABLE DATA; Schema: public; Owner: postgres
--

INSERT INTO "public"."notifications" ("id", "created_at", "user_id", "title", "body", "url", "buttons", "received", "topic") VALUES
	(10, '2024-11-12 14:55:15.936897+00', 'cf5a9a3e-b219-4d21-8f67-3175d7d862ca', 'mohammed', 'hello can we contact on chat', NULL, NULL, true, 'message');


--
-- Data for Name: variants; Type: TABLE DATA; Schema: public; Owner: postgres
--

INSERT INTO "public"."variants" ("id", "created_at", "listing_id", "thumbnail", "title", "active", "beds", "guests", "rooms", "description", "type") VALUES
	(2, '2024-07-22 20:57:15.021921+00', 4, 'https://api.manazl.site/storage/v1/object/public/images/03f88e02-4838-41fc-8c20-e441d1f1c910/listing/2024-07-12T13:03:00.238Z.jpeg', 'غرفة دبل', true, 1, 2, 1, 'asdasdsad', '"double"'),
	(8, '2024-10-25 09:28:07.711678+00', 3, '', 'single', true, 1, 2, 1, '', 'single'),
	(6, '2024-09-29 20:24:35.737691+00', 3, '', 'night only', true, 1, 2, 1, 'asasas', '"double"'),
	(7, '2024-10-02 18:47:02.416786+00', 7, '', 'بدون مبيت ايام الاسبوع', true, 1, 2, 1, '...', 'double'),
	(12, '2024-11-13 19:11:11.804503+00', 10, '', 'nnn', true, 1, 2, 1, '', 'double'),
	(10, '2024-10-31 19:11:28.020822+00', 10, '', 'family', false, 2, 6, 2, '', 'suite');


--
-- Data for Name: reservations; Type: TABLE DATA; Schema: public; Owner: postgres
--

INSERT INTO "public"."reservations" ("id", "title", "created_at", "variant_id", "user_id", "updated_at", "total_pay", "approved", "state", "end_date", "payment_id", "start_date", "listing_id", "reservation_period") VALUES
	(70, NULL, '2024-11-23 15:57:14.126146+00', 12, 'cf5a9a3e-b219-4d21-8f67-3175d7d862ca', NULL, 50, false, 'pending', '2024-11-24', NULL, '2024-11-23', NULL, '["2024-11-23 13:00:00+00","2024-11-24 12:00:00+00"]'),
	(73, '', '2024-11-26 06:55:45.540587+00', 7, 'cf5a9a3e-b219-4d21-8f67-3175d7d862ca', NULL, 42, false, 'pending', '2024-11-27', NULL, '2024-11-26', NULL, '["2024-11-26 13:00:00+00","2024-11-27 12:00:00+00"]'),
	(74, '', '2024-11-28 05:03:32.172077+00', 7, 'cf5a9a3e-b219-4d21-8f67-3175d7d862ca', NULL, 42, false, 'pending', '2024-11-29', NULL, '2024-11-28', NULL, '["2024-11-28 13:00:00+00","2024-11-29 12:00:00+00"]'),
	(77, '', '2024-11-28 05:05:45.484957+00', 7, 'cf5a9a3e-b219-4d21-8f67-3175d7d862ca', NULL, 42, false, 'pending', '2024-12-02', NULL, '2024-11-30', NULL, '["2024-11-30 13:00:00+00","2024-12-02 12:00:00+00"]'),
	(55, 'مخيم الحوية السياحي - double', '2024-11-21 19:41:55.56432+00', 7, 'cf5a9a3e-b219-4d21-8f67-3175d7d862ca', NULL, 42, false, 'pending', '2024-11-21', NULL, '2024-11-21', 7, '["2024-11-21 00:00:00+00","2024-11-21 00:00:00+00"]'),
	(30, NULL, '2024-10-03 11:52:11.989548+00', 6, 'cf5a9a3e-b219-4d21-8f67-3175d7d862ca', NULL, 1, false, 'pending', '2024-10-03', NULL, '2024-10-02', 7, '["2024-10-02 13:00:00+00","2024-10-03 12:00:00+00"]'),
	(29, 'ssssss', '2024-10-03 11:51:56.366269+00', 7, 'c5e1a434-ea12-4b3a-bc04-81f95d7ed762', NULL, 20, false, 'completed', '2024-10-24', NULL, '2024-10-22', 7, '["2024-10-22 13:00:00+00","2024-10-24 12:00:00+00"]'),
	(43, 'Camel Desert camp - suite', '2024-11-01 09:33:13.296282+00', 10, 'cf5a9a3e-b219-4d21-8f67-3175d7d862ca', NULL, 20, false, 'cancelled', '2024-11-02', NULL, '2024-11-01', 10, '["2024-11-01 13:00:00+00","2024-11-02 12:00:00+00"]'),
	(2, 'فندق الاحلام', '2024-07-13 11:49:13.376499+00', 7, 'cf5a9a3e-b219-4d21-8f67-3175d7d862ca', NULL, 120, false, 'pending', '2024-07-22', NULL, '2024-07-16', 3, '["2024-07-16 13:00:00+00","2024-07-22 12:00:00+00"]'),
	(1, 'استراحة النزهة', '2024-07-12 13:09:56.956582+00', 7, '03f88e02-4838-41fc-8c20-e441d1f1c910', NULL, 20, false, 'pending', '2024-07-30', NULL, '2024-07-24', 4, '["2024-07-24 13:00:00+00","2024-07-30 12:00:00+00"]'),
	(46, 'مخيم الحوية السياحي - double', '2024-11-03 19:12:30.572099+00', 7, '2405a820-aa06-4a20-9e00-0df820e64eab', NULL, 42, false, 'pending', '2024-11-04', NULL, '2024-11-02', 7, '["2024-11-02 13:00:00+00","2024-11-04 12:00:00+00"]'),
	(40, 'فندق الاحلام - single', '2024-10-29 10:13:43.805175+00', 8, 'cf5a9a3e-b219-4d21-8f67-3175d7d862ca', NULL, 40, false, 'pending', '2024-10-30', NULL, '2024-10-29', 3, '["2024-10-29 13:00:00+00","2024-10-30 12:00:00+00"]'),
	(71, '', '2024-11-23 18:38:02.030119+00', 7, 'cf5a9a3e-b219-4d21-8f67-3175d7d862ca', NULL, 42, false, 'pending', '2024-11-25', NULL, '2024-11-24', NULL, '["2024-11-24 13:00:00+00","2024-11-25 12:00:00+00"]'),
	(54, 'مخيم الحوية السياحي - double', '2024-11-19 15:37:34.099524+00', 7, 'cf5a9a3e-b219-4d21-8f67-3175d7d862ca', NULL, 84, false, 'pending', '2024-11-26', NULL, '2024-11-25', 7, '["2024-11-25 13:00:00+00","2024-11-26 12:00:00+00"]'),
	(48, 'مخيم الحوية السياحي - double', '2024-11-19 06:29:34.685545+00', 7, 'cf5a9a3e-b219-4d21-8f67-3175d7d862ca', NULL, 42, false, 'pending', '2024-11-19', NULL, '2024-11-18', 7, '["2024-11-18 13:00:00+00","2024-11-19 12:00:00+00"]'),
	(44, 'Camel Desert camp - double', '2024-11-01 21:07:54.936529+00', 6, 'cf5a9a3e-b219-4d21-8f67-3175d7d862ca', NULL, 20, false, 'cancelled', '2024-11-02', NULL, '2024-11-01', 10, '["2024-11-01 13:00:00+00","2024-11-02 12:00:00+00"]'),
	(41, 'فندق الاحلام - single', '2024-10-29 20:08:41.874096+00', 7, 'cf5a9a3e-b219-4d21-8f67-3175d7d862ca', NULL, 50, false, 'pending', '2024-10-29', NULL, '2024-10-28', 3, '["2024-10-28 13:00:00+00","2024-10-29 12:00:00+00"]'),
	(64, NULL, '2024-11-23 12:52:46.378208+00', 10, 'c5e1a434-ea12-4b3a-bc04-81f95d7ed762', NULL, NULL, false, 'pending', '2024-11-24', NULL, '2024-11-23', NULL, '["2024-11-23 13:00:00+00","2024-11-24 12:00:00+00"]'),
	(47, 'مخيم الحوية السياحي - double', '2024-11-19 06:29:21.030623+00', 12, 'cf5a9a3e-b219-4d21-8f67-3175d7d862ca', NULL, 42, false, 'pending', '2024-11-23', NULL, '2024-11-21', 7, '["2024-11-21 13:00:00+00","2024-11-23 12:00:00+00"]'),
	(76, '', '2024-11-28 05:04:10.793593+00', 7, 'cf5a9a3e-b219-4d21-8f67-3175d7d862ca', NULL, 42, false, 'pending', '2024-11-30', NULL, '2024-11-29', NULL, '["2024-11-29 13:00:00+00","2024-11-30 12:00:00+00"]');


--
-- Data for Name: payments; Type: TABLE DATA; Schema: public; Owner: postgres
--



--
-- Data for Name: places; Type: TABLE DATA; Schema: public; Owner: supabase_admin
--

INSERT INTO "public"."places" ("id", "created_at", "types", "short_name", "image", "bounds", "latlng", "viewport", "name", "geo_point") VALUES
	(93, '2024-10-21 12:05:59.045884+00', '{administrative_area_level_1,political}', 'al-suwaiq', NULL, '{"northeast": {"lat": 24.9805207, "lng": 57.4390539}, "southwest": {"lat": 23.3843522, "lng": 56.2029941}}', '{"lat": 24.3419846, "lng": 56.7298904}', '{"northeast": {"lat": 24.9805207, "lng": 57.4390539}, "southwest": {"lat": 23.3843522, "lng": 56.2029941}}', '{"ar":"السويق","en":"Al Suwaiq"}', '0101000020E61000000AD5720C6D5D4C4053BC804D8C573840'),
	(94, '2024-10-21 12:06:01.842632+00', '{administrative_area_level_1,political}', 'al-qabil', NULL, '{"northeast": {"lat": 23.3408271, "lng": 59.4309743}, "southwest": {"lat": 20.7500535, "lng": 57.90900800000001}}', '{"lat": 22.7141196, "lng": 58.5308064}', '{"northeast": {"lat": 23.3408271, "lng": 59.4309743}, "southwest": {"lat": 20.7500535, "lng": 57.90900800000001}}', '{"ar":"القابل","en":"Al Qabil"}', '0101000020E6100000F640D076F1434D40BF6EC78AD0B63640'),
	(95, '2024-10-21 12:06:01.837738+00', '{administrative_area_level_1,political}', 'dimatayin', NULL, '{"northeast": {"lat": 23.3408271, "lng": 59.4309743}, "southwest": {"lat": 20.7500535, "lng": 57.90900800000001}}', '{"lat": 22.7141196, "lng": 58.5308064}', '{"northeast": {"lat": 23.3408271, "lng": 59.4309743}, "southwest": {"lat": 20.7500535, "lng": 57.90900800000001}}', '{"ar":"دماء والطائين","en":"Dimatayin"}', '0101000020E6100000F640D076F1434D40BF6EC78AD0B63640'),
	(96, '2024-10-21 12:06:01.845595+00', '{administrative_area_level_1,political}', 'al-mudhaibi', NULL, '{"northeast": {"lat": 23.3408271, "lng": 59.4309743}, "southwest": {"lat": 20.7500535, "lng": 57.90900800000001}}', '{"lat": 22.7141196, "lng": 58.5308064}', '{"northeast": {"lat": 23.3408271, "lng": 59.4309743}, "southwest": {"lat": 20.7500535, "lng": 57.90900800000001}}', '{"ar":"المضيبي","en":"Al Mudhaibi"}', '0101000020E6100000F640D076F1434D40BF6EC78AD0B63640'),
	(97, '2024-10-21 12:06:02.86048+00', '{administrative_area_level_1,political}', 'jalan-bani-bu-ali', NULL, '{"northeast": {"lat": 22.6427162, "lng": 59.836578}, "southwest": {"lat": 20.164228, "lng": 58.19372599999999}}', '{"lat": 22.0158249, "lng": 59.3251922}', '{"northeast": {"lat": 22.6427162, "lng": 59.836578}, "southwest": {"lat": 20.164228, "lng": 58.19372599999999}}', '{"ar":"جعلان بني بو علي","en":"Jalan Bani Bu Ali"}', '0101000020E610000007F5E3E59FA94D4064F6C3190D043640'),
	(98, '2024-10-21 12:06:02.874211+00', '{administrative_area_level_1,political}', 'jalan-bani-bu-hassan', NULL, '{"northeast": {"lat": 22.6427162, "lng": 59.836578}, "southwest": {"lat": 20.164228, "lng": 58.19372599999999}}', '{"lat": 22.0158249, "lng": 59.3251922}', '{"northeast": {"lat": 22.6427162, "lng": 59.836578}, "southwest": {"lat": 20.164228, "lng": 58.19372599999999}}', '{"ar":"جعلان بني بو حسن","en":"Jalan Bani Bu Hassan"}', '0101000020E610000007F5E3E59FA94D4064F6C3190D043640'),
	(99, '2024-10-21 12:06:02.877088+00', '{administrative_area_level_1,political}', 'sur', NULL, '{"northeast": {"lat": 22.6427162, "lng": 59.836578}, "southwest": {"lat": 20.164228, "lng": 58.19372599999999}}', '{"lat": 22.0158249, "lng": 59.3251922}', '{"northeast": {"lat": 22.6427162, "lng": 59.836578}, "southwest": {"lat": 20.164228, "lng": 58.19372599999999}}', '{"ar":"صور","en":"Sur"}', '0101000020E610000007F5E3E59FA94D4064F6C3190D043640'),
	(100, '2024-10-21 12:06:02.879561+00', '{administrative_area_level_1,political}', 'saham', NULL, '{"northeast": {"lat": 24.9805207, "lng": 57.4390539}, "southwest": {"lat": 23.3843522, "lng": 56.2029941}}', '{"lat": 24.3419846, "lng": 56.7298904}', '{"northeast": {"lat": 24.9805207, "lng": 57.4390539}, "southwest": {"lat": 23.3843522, "lng": 56.2029941}}', '{"ar":"صحم","en":"Saham"}', '0101000020E61000000AD5720C6D5D4C4053BC804D8C573840'),
	(89, '2024-10-21 12:05:58.594467+00', '{administrative_area_level_1,political}', 'al-batinah-north', NULL, '{"northeast": {"lat": 24.9805207, "lng": 57.4390539}, "southwest": {"lat": 23.3843522, "lng": 56.2029941}}', '{"lat": 24.3419846, "lng": 56.7298904}', '{"northeast": {"lat": 24.9805207, "lng": 57.4390539}, "southwest": {"lat": 23.3843522, "lng": 56.2029941}}', '{"ar":"الباطنة شمال","en":"Al Batinah North"}', '0101000020E61000000AD5720C6D5D4C4053BC804D8C573840'),
	(90, '2024-10-21 12:05:58.670048+00', '{administrative_area_level_1,political}', 'dhofar', '{}', '{"northeast": {"lat": 20.0012305, "lng": 56.355701}, "southwest": {"lat": 16.6544006, "lng": 51.9999998}}', '{"lat": 17.0322121, "lng": 54.1425214}', '{"northeast": {"lat": 20.0012305, "lng": 56.355701}, "southwest": {"lat": 16.6544006, "lng": 51.9999998}}', '{"ar":"ظفار","en":"Dhofar"}', '0101000020E610000075FD27243E124B4015095C0D3F083140'),
	(92, '2024-10-21 12:05:58.79684+00', '{locality,political}', 'muscat', '{}', '{"northeast": {"lat": 23.6455699, "lng": 58.62085959999999}, "southwest": {"lat": 23.5200796, "lng": 58.2281729}}', '{"lat": 23.5880307, "lng": 58.3828717}', '{"northeast": {"lat": 23.6455699, "lng": 58.62085959999999}, "southwest": {"lat": 23.5200796, "lng": 58.2281729}}', '{"ar":"مسقط","en":"Muscat"}', '0101000020E61000002F089BF001314D40438B112E89963740'),
	(101, '2024-10-21 12:06:02.883492+00', '{administrative_area_level_1,political}', 'bukha', NULL, '{"northeast": {"lat": 26.387966, "lng": 56.53770799999999}, "southwest": {"lat": 25.236517, "lng": 56.08204560000001}}', '{"lat": 26.1986144, "lng": 56.2460949}', '{"northeast": {"lat": 26.387966, "lng": 56.53770799999999}, "southwest": {"lat": 25.236517, "lng": 56.08204560000001}}', '{"ar":"بخا","en":"Bukha"}', '0101000020E6100000309BA509801F4C40C183B064D8323A40'),
	(109, '2024-10-21 12:06:03.019709+00', '{administrative_area_level_1,political}', 'shinas', NULL, '{"northeast": {"lat": 24.9805207, "lng": 57.4390539}, "southwest": {"lat": 23.3843522, "lng": 56.2029941}}', '{"lat": 24.3419846, "lng": 56.7298904}', '{"northeast": {"lat": 24.9805207, "lng": 57.4390539}, "southwest": {"lat": 23.3843522, "lng": 56.2029941}}', '{"ar":"شناص","en":"Shinas"}', '0101000020E61000000AD5720C6D5D4C4053BC804D8C573840'),
	(119, '2024-10-21 12:06:03.083217+00', '{administrative_area_level_1,political}', 'salalah', NULL, '{"northeast": {"lat": 20.0012305, "lng": 56.355701}, "southwest": {"lat": 16.6544006, "lng": 51.9999998}}', '{"lat": 17.0322121, "lng": 54.1425214}', '{"northeast": {"lat": 20.0012305, "lng": 56.355701}, "southwest": {"lat": 16.6544006, "lng": 51.9999998}}', '{"ar":"صلالة","en":"Salalah"}', '0101000020E610000075FD27243E124B4015095C0D3F083140'),
	(129, '2024-10-21 12:06:03.335919+00', '{locality,political}', 'quriyat', NULL, '{"northeast": {"lat": 23.6455699, "lng": 58.62085959999999}, "southwest": {"lat": 23.5200796, "lng": 58.2281729}}', '{"lat": 23.5880307, "lng": 58.3828717}', '{"northeast": {"lat": 23.6455699, "lng": 58.62085959999999}, "southwest": {"lat": 23.5200796, "lng": 58.2281729}}', '{"ar":"قريات","en":"Quriyat"}', '0101000020E61000002F089BF001314D40438B112E89963740'),
	(88, '2024-10-21 12:05:58.658485+00', '{administrative_area_level_1,political}', 'musandam', NULL, '{"northeast": {"lat": 26.387966, "lng": 56.53770799999999}, "southwest": {"lat": 25.236517, "lng": 56.08204560000001}}', '{"lat": 26.1986144, "lng": 56.2460949}', '{"northeast": {"lat": 26.387966, "lng": 56.53770799999999}, "southwest": {"lat": 25.236517, "lng": 56.08204560000001}}', '{"ar":"مسندم","en":"Musandam"}', '0101000020E6100000309BA509801F4C40C183B064D8323A40'),
	(102, '2024-10-21 12:06:02.877244+00', '{administrative_area_level_1,political}', 'liwa', NULL, '{"northeast": {"lat": 24.9805207, "lng": 57.4390539}, "southwest": {"lat": 23.3843522, "lng": 56.2029941}}', '{"lat": 24.3419846, "lng": 56.7298904}', '{"northeast": {"lat": 24.9805207, "lng": 57.4390539}, "southwest": {"lat": 23.3843522, "lng": 56.2029941}}', '{"ar":"لوى","en":"Liwa"}', '0101000020E61000000AD5720C6D5D4C4053BC804D8C573840'),
	(110, '2024-10-21 12:06:03.022031+00', '{administrative_area_level_1,political}', 'al-khaburah', NULL, '{"northeast": {"lat": 24.9805207, "lng": 57.4390539}, "southwest": {"lat": 23.3843522, "lng": 56.2029941}}', '{"lat": 24.3419846, "lng": 56.7298904}', '{"northeast": {"lat": 24.9805207, "lng": 57.4390539}, "southwest": {"lat": 23.3843522, "lng": 56.2029941}}', '{"ar":"الخابورة","en":"Al Khaburah"}', '0101000020E61000000AD5720C6D5D4C4053BC804D8C573840'),
	(120, '2024-10-21 12:06:03.085671+00', '{administrative_area_level_1,political}', 'al-mazuna', NULL, '{"northeast": {"lat": 20.0012305, "lng": 56.355701}, "southwest": {"lat": 16.6544006, "lng": 51.9999998}}', '{"lat": 17.0322121, "lng": 54.1425214}', '{"northeast": {"lat": 20.0012305, "lng": 56.355701}, "southwest": {"lat": 16.6544006, "lng": 51.9999998}}', '{"ar":"المزيونة","en":"Al Mazuna"}', '0101000020E610000075FD27243E124B4015095C0D3F083140'),
	(91, '2024-10-21 12:05:58.769714+00', '{administrative_area_level_1,political}', 'ash-sharqiyah-north', NULL, '{"northeast": {"lat": 23.3408271, "lng": 59.4309743}, "southwest": {"lat": 20.7500535, "lng": 57.90900800000001}}', '{"lat": 22.7141196, "lng": 58.5308064}', '{"northeast": {"lat": 23.3408271, "lng": 59.4309743}, "southwest": {"lat": 20.7500535, "lng": 57.90900800000001}}', '{"ar":"الشرقية شمال","en":"Ash Sharqiyah North"}', '0101000020E6100000F640D076F1434D40BF6EC78AD0B63640'),
	(103, '2024-10-21 12:06:02.895573+00', '{administrative_area_level_1,political}', 'madha', NULL, '{"northeast": {"lat": 26.387966, "lng": 56.53770799999999}, "southwest": {"lat": 25.236517, "lng": 56.08204560000001}}', '{"lat": 26.1986144, "lng": 56.2460949}', '{"northeast": {"lat": 26.387966, "lng": 56.53770799999999}, "southwest": {"lat": 25.236517, "lng": 56.08204560000001}}', '{"ar":"مدحا","en":"Madha"}', '0101000020E6100000309BA509801F4C40C183B064D8323A40'),
	(113, '2024-10-21 12:06:03.042716+00', '{administrative_area_level_1,political}', 'dalkoot', NULL, '{"northeast": {"lat": 20.0012305, "lng": 56.355701}, "southwest": {"lat": 16.6544006, "lng": 51.9999998}}', '{"lat": 17.0322121, "lng": 54.1425214}', '{"northeast": {"lat": 20.0012305, "lng": 56.355701}, "southwest": {"lat": 16.6544006, "lng": 51.9999998}}', '{"ar":"ضلكوت","en":"Dalkoot"}', '0101000020E610000075FD27243E124B4015095C0D3F083140'),
	(87, '2024-10-21 12:05:58.611579+00', '{administrative_area_level_1,political}', 'ash-sharqiyah-south', '{}', '{"northeast": {"lat": 22.6427162, "lng": 59.836578}, "southwest": {"lat": 20.164228, "lng": 58.19372599999999}}', '{"lat": 22.0158249, "lng": 59.3251922}', '{"northeast": {"lat": 22.6427162, "lng": 59.836578}, "southwest": {"lat": 20.164228, "lng": 58.19372599999999}}', '{"ar":"الشرقية جنوب","en":"Ash Sharqiyah South"}', '0101000020E610000007F5E3E59FA94D4064F6C3190D043640'),
	(105, '2024-10-21 12:06:02.916106+00', '{administrative_area_level_1,political}', 'shalim-and-the-hallaniyat-islands', NULL, '{"northeast": {"lat": 20.0012305, "lng": 56.355701}, "southwest": {"lat": 16.6544006, "lng": 51.9999998}}', '{"lat": 17.0322121, "lng": 54.1425214}', '{"northeast": {"lat": 20.0012305, "lng": 56.355701}, "southwest": {"lat": 16.6544006, "lng": 51.9999998}}', '{"ar":"شليم وجزر الحلانيات","en":"Shalim and the Hallaniyat Islands"}', '0101000020E610000075FD27243E124B4015095C0D3F083140'),
	(115, '2024-10-21 12:06:03.049005+00', '{administrative_area_level_1,political}', 'mirbat', NULL, '{"northeast": {"lat": 20.0012305, "lng": 56.355701}, "southwest": {"lat": 16.6544006, "lng": 51.9999998}}', '{"lat": 17.0322121, "lng": 54.1425214}', '{"northeast": {"lat": 20.0012305, "lng": 56.355701}, "southwest": {"lat": 16.6544006, "lng": 51.9999998}}', '{"ar":"مرباط","en":"Mirbat"}', '0101000020E610000075FD27243E124B4015095C0D3F083140'),
	(125, '2024-10-21 12:06:03.32051+00', '{administrative_area_level_1,political}', 'bidiyah', NULL, '{"northeast": {"lat": 23.3408271, "lng": 59.4309743}, "southwest": {"lat": 20.7500535, "lng": 57.90900800000001}}', '{"lat": 22.7141196, "lng": 58.5308064}', '{"northeast": {"lat": 23.3408271, "lng": 59.4309743}, "southwest": {"lat": 20.7500535, "lng": 57.90900800000001}}', '{"ar":"بدية","en":"Bidiyah"}', '0101000020E61000005604EE2F71664D400BC4FC265E713640'),
	(106, '2024-10-21 12:06:02.916239+00', '{administrative_area_level_1,political}', 'sadah', NULL, '{"northeast": {"lat": 20.0012305, "lng": 56.355701}, "southwest": {"lat": 16.6544006, "lng": 51.9999998}}', '{"lat": 17.0322121, "lng": 54.1425214}', '{"northeast": {"lat": 20.0012305, "lng": 56.355701}, "southwest": {"lat": 16.6544006, "lng": 51.9999998}}', '{"ar":"سدح","en":"Sadah"}', '0101000020E610000075FD27243E124B4015095C0D3F083140'),
	(116, '2024-10-21 12:06:03.05457+00', '{administrative_area_level_1,political}', 'thumarait', NULL, '{"northeast": {"lat": 20.0012305, "lng": 56.355701}, "southwest": {"lat": 16.6544006, "lng": 51.9999998}}', '{"lat": 17.0322121, "lng": 54.1425214}', '{"northeast": {"lat": 20.0012305, "lng": 56.355701}, "southwest": {"lat": 16.6544006, "lng": 51.9999998}}', '{"ar":"ثمريت","en":"Thumarait"}', '0101000020E610000075FD27243E124B4015095C0D3F083140'),
	(128, '2024-10-21 12:06:03.331727+00', '{administrative_area_level_1,political}', 'wadi-bani-khalid', NULL, '{"northeast": {"lat": 23.3408271, "lng": 59.4309743}, "southwest": {"lat": 20.7500535, "lng": 57.90900800000001}}', '{"lat": 22.7141196, "lng": 58.5308064}', '{"northeast": {"lat": 23.3408271, "lng": 59.4309743}, "southwest": {"lat": 20.7500535, "lng": 57.90900800000001}}', '{"ar":"وادي بني خالد","en":"Wadi Bani Khalid"}', '0101000020E6100000F640D076F1434D40BF6EC78AD0B63640'),
	(107, '2024-10-21 12:06:03.004728+00', '{administrative_area_level_1,political}', 'al-kamil-al-wafi', NULL, '{"northeast": {"lat": 22.6427162, "lng": 59.836578}, "southwest": {"lat": 20.164228, "lng": 58.19372599999999}}', '{"lat": 22.0158249, "lng": 59.3251922}', '{"northeast": {"lat": 22.6427162, "lng": 59.836578}, "southwest": {"lat": 20.164228, "lng": 58.19372599999999}}', '{"ar":"الكامل والوافي","en":"Al Kamil & Al Wafi"}', '0101000020E610000007F5E3E59FA94D4064F6C3190D043640'),
	(117, '2024-10-21 12:06:03.057539+00', '{administrative_area_level_1,political}', 'rasyut', NULL, '{"northeast": {"lat": 20.0012305, "lng": 56.355701}, "southwest": {"lat": 16.6544006, "lng": 51.9999998}}', '{"lat": 17.0322121, "lng": 54.1425214}', '{"northeast": {"lat": 20.0012305, "lng": 56.355701}, "southwest": {"lat": 16.6544006, "lng": 51.9999998}}', '{"ar":"ريسوت","en":"Rasyut"}', '0101000020E610000075FD27243E124B4015095C0D3F083140'),
	(126, '2024-10-21 12:06:03.33252+00', '{locality,political}', 'al-seeb', NULL, '{"northeast": {"lat": 23.6455699, "lng": 58.62085959999999}, "southwest": {"lat": 23.5200796, "lng": 58.2281729}}', '{"lat": 23.5880307, "lng": 58.3828717}', '{"northeast": {"lat": 23.6455699, "lng": 58.62085959999999}, "southwest": {"lat": 23.5200796, "lng": 58.2281729}}', '{"ar":"السيب","en":"Al Seeb"}', '0101000020E61000002F089BF001314D40438B112E89963740'),
	(108, '2024-10-21 12:06:03.015465+00', '{administrative_area_level_1,political}', 'masirah', NULL, '{"northeast": {"lat": 22.6427162, "lng": 59.836578}, "southwest": {"lat": 20.164228, "lng": 58.19372599999999}}', '{"lat": 22.0158249, "lng": 59.3251922}', '{"northeast": {"lat": 22.6427162, "lng": 59.836578}, "southwest": {"lat": 20.164228, "lng": 58.19372599999999}}', '{"ar":"مصيرة","en":"Masirah"}', '0101000020E610000007F5E3E59FA94D4064F6C3190D043640'),
	(118, '2024-10-21 12:06:03.057871+00', '{administrative_area_level_1,political}', 'mokshin', NULL, '{"northeast": {"lat": 20.0012305, "lng": 56.355701}, "southwest": {"lat": 16.6544006, "lng": 51.9999998}}', '{"lat": 17.0322121, "lng": 54.1425214}', '{"northeast": {"lat": 20.0012305, "lng": 56.355701}, "southwest": {"lat": 16.6544006, "lng": 51.9999998}}', '{"ar":"مقشن","en":"Mokshin"}', '0101000020E610000075FD27243E124B4015095C0D3F083140'),
	(127, '2024-10-21 12:06:03.332558+00', '{locality,political}', 'bawshar', NULL, '{"northeast": {"lat": 23.6455699, "lng": 58.62085959999999}, "southwest": {"lat": 23.5200796, "lng": 58.2281729}}', '{"lat": 23.5880307, "lng": 58.3828717}', '{"northeast": {"lat": 23.6455699, "lng": 58.62085959999999}, "southwest": {"lat": 23.5200796, "lng": 58.2281729}}', '{"ar":"بوشر","en":"Bawshar"}', '0101000020E61000002F089BF001314D40438B112E89963740'),
	(111, '2024-10-21 12:06:03.03674+00', '{administrative_area_level_1,political}', 'diba', NULL, '{"northeast": {"lat": 26.387966, "lng": 56.53770799999999}, "southwest": {"lat": 25.236517, "lng": 56.08204560000001}}', '{"lat": 26.1986144, "lng": 56.2460949}', '{"northeast": {"lat": 26.387966, "lng": 56.53770799999999}, "southwest": {"lat": 25.236517, "lng": 56.08204560000001}}', '{"ar":"دبا","en":"Diba"}', '0101000020E6100000309BA509801F4C40C183B064D8323A40'),
	(121, '2024-10-21 12:06:03.192425+00', '{locality,political}', 'mutrah', NULL, '{"northeast": {"lat": 23.6455699, "lng": 58.62085959999999}, "southwest": {"lat": 23.5200796, "lng": 58.2281729}}', '{"lat": 23.5880307, "lng": 58.3828717}', '{"northeast": {"lat": 23.6455699, "lng": 58.62085959999999}, "southwest": {"lat": 23.5200796, "lng": 58.2281729}}', '{"ar":"مطرح","en":"Mutrah"}', '0101000020E61000002F089BF001314D40438B112E89963740'),
	(112, '2024-10-21 12:06:03.038068+00', '{administrative_area_level_1,political}', 'sohar', NULL, '{"northeast": {"lat": 24.9805207, "lng": 57.4390539}, "southwest": {"lat": 23.3843522, "lng": 56.2029941}}', '{"lat": 24.3419846, "lng": 56.7298904}', '{"northeast": {"lat": 24.9805207, "lng": 57.4390539}, "southwest": {"lat": 23.3843522, "lng": 56.2029941}}', '{"ar":"صحار","en":"Sohar"}', '0101000020E61000000AD5720C6D5D4C4053BC804D8C573840'),
	(122, '2024-10-21 12:06:03.194427+00', '{locality,political}', 'al-amrat', NULL, '{"northeast": {"lat": 23.6455699, "lng": 58.62085959999999}, "southwest": {"lat": 23.5200796, "lng": 58.2281729}}', '{"lat": 23.5880307, "lng": 58.3828717}', '{"northeast": {"lat": 23.6455699, "lng": 58.62085959999999}, "southwest": {"lat": 23.5200796, "lng": 58.2281729}}', '{"ar":"العامرات","en":"Al Amrat"}', '0101000020E61000002F089BF001314D40438B112E89963740'),
	(104, '2024-10-21 12:06:02.897528+00', '{administrative_area_level_1,political}', 'taqah', NULL, '{"northeast": {"lat": 20.0012305, "lng": 56.355701}, "southwest": {"lat": 16.6544006, "lng": 51.9999998}}', '{"lat": 17.0322121, "lng": 54.1425214}', '{"northeast": {"lat": 20.0012305, "lng": 56.355701}, "southwest": {"lat": 16.6544006, "lng": 51.9999998}}', '{"ar":"طاقة","en":"Taqah"}', '0101000020E610000075FD27243E124B4015095C0D3F083140'),
	(114, '2024-10-21 12:06:03.04106+00', '{administrative_area_level_1,political}', 'khasab', NULL, '{"northeast": {"lat": 26.387966, "lng": 56.53770799999999}, "southwest": {"lat": 25.236517, "lng": 56.08204560000001}}', '{"lat": 26.1986144, "lng": 56.2460949}', '{"northeast": {"lat": 26.387966, "lng": 56.53770799999999}, "southwest": {"lat": 25.236517, "lng": 56.08204560000001}}', '{"ar":"خصب","en":"Khasab"}', '0101000020E6100000309BA509801F4C40C183B064D8323A40'),
	(124, '2024-10-21 12:06:03.312338+00', '{administrative_area_level_1,political}', 'ibra', NULL, '{"northeast": {"lat": 23.3408271, "lng": 59.4309743}, "southwest": {"lat": 20.7500535, "lng": 57.90900800000001}}', '{"lat": 22.7141196, "lng": 58.5308064}', '{"northeast": {"lat": 23.3408271, "lng": 59.4309743}, "southwest": {"lat": 20.7500535, "lng": 57.90900800000001}}', '{"ar":"إبرأ","en":"Ibra"}', '0101000020E6100000F640D076F1434D40BF6EC78AD0B63640');


--
-- Data for Name: post_reports; Type: TABLE DATA; Schema: public; Owner: supabase_admin
--



--
-- Data for Name: posts_ratings; Type: TABLE DATA; Schema: public; Owner: supabase_admin
--



--
-- Data for Name: reservation_cancel_request; Type: TABLE DATA; Schema: public; Owner: postgres
--

INSERT INTO "public"."reservation_cancel_request" ("id", "reservation_id", "user_id", "cancel_reason", "created_at", "updated_at") VALUES
	(25, 43, 'cf5a9a3e-b219-4d21-8f67-3175d7d862ca', 'no reason', '2024-11-01 18:02:44.938369', '2024-11-01 18:02:44.938369'),
	(27, 44, 'cf5a9a3e-b219-4d21-8f67-3175d7d862ca', 'no reason', '2024-11-01 21:08:14.799692', '2024-11-01 21:08:14.799692');


--
-- Data for Name: reviews; Type: TABLE DATA; Schema: public; Owner: postgres
--

INSERT INTO "public"."reviews" ("id", "created_at", "text", "rating", "listing_id", "user_id") VALUES
	(1, '2024-10-31 20:12:19.149296+00', NULL, 40, 10, '08f133b4-132d-4165-8a30-5ca7127a4b04'),
	(2, '2024-10-31 20:12:31.147543+00', NULL, 10, 4, '1e6f5985-1336-4be5-9209-dbdff6437c92');


--
-- Data for Name: room_availability; Type: TABLE DATA; Schema: public; Owner: supabase_admin
--

INSERT INTO "public"."room_availability" ("id", "created_at", "room_id", "cost", "is_available", "date") VALUES
	(40, '2024-10-31 19:12:07.310649+00', 10, 20, true, '2024-11-01'),
	(41, '2024-10-31 19:12:07.310649+00', 10, 20, true, '2024-11-02'),
	(44, '2024-10-31 19:12:07.310649+00', 10, 20, true, '2024-11-05'),
	(45, '2024-10-31 19:12:07.310649+00', 10, 20, true, '2024-11-06'),
	(46, '2024-10-31 19:12:07.310649+00', 10, 20, true, '2024-11-07'),
	(47, '2024-10-31 19:12:07.310649+00', 10, 20, true, '2024-11-08'),
	(48, '2024-10-31 19:12:07.310649+00', 10, 20, true, '2024-11-09'),
	(49, '2024-10-31 19:12:07.310649+00', 10, 20, true, '2024-11-10'),
	(50, '2024-10-31 19:12:07.310649+00', 10, 20, true, '2024-11-11'),
	(51, '2024-10-31 19:12:07.310649+00', 10, 20, true, '2024-11-12'),
	(52, '2024-10-31 19:12:07.310649+00', 10, 20, true, '2024-11-13'),
	(53, '2024-10-31 19:12:07.310649+00', 10, 20, true, '2024-11-14'),
	(54, '2024-11-01 11:10:24.706539+00', 10, 12, true, '2024-11-19'),
	(55, '2024-11-01 11:10:24.706539+00', 10, 12, true, '2024-11-18'),
	(56, '2024-11-01 11:10:24.706539+00', 10, 12, true, '2024-11-17'),
	(57, '2024-11-01 11:10:24.706539+00', 10, 12, true, '2024-11-16'),
	(43, '2024-10-31 19:12:07.310649+00', 10, 11, true, '2024-11-04'),
	(58, '2024-11-01 11:11:00.356581+00', 10, 11, true, '2024-11-20'),
	(42, '2024-10-31 19:12:07.310649+00', 10, 11, true, '2024-11-03'),
	(59, '2024-11-02 04:27:41.602995+00', 7, 42, true, '2024-11-03'),
	(60, '2024-11-02 04:27:41.602995+00', 7, 42, true, '2024-11-04'),
	(61, '2024-11-02 04:27:41.602995+00', 7, 42, true, '2024-11-05'),
	(62, '2024-11-02 04:27:41.602995+00', 7, 42, true, '2024-11-07'),
	(15, '2024-10-25 12:54:43.850584+00', 8, 50, true, '2024-10-28'),
	(63, '2024-11-02 04:27:41.602995+00', 7, 42, true, '2024-11-06'),
	(14, '2024-10-25 12:54:43.850584+00', 8, 50, true, '2024-10-26'),
	(13, '2024-10-25 12:33:32.161567+00', 8, 66, true, '2024-10-27'),
	(12, '2024-10-25 12:32:51.286815+00', 8, 40, true, '2024-10-29'),
	(11, '2024-10-25 12:11:30.024098+00', 2, 33, true, '2024-10-30'),
	(64, '2024-11-02 04:27:41.602995+00', 7, 42, true, '2024-11-08'),
	(65, '2024-11-02 04:27:41.602995+00', 7, 42, true, '2024-11-09'),
	(6, '2024-10-24 19:21:39.084731+00', 8, 30, true, '2024-10-25'),
	(5, '2024-10-21 18:46:47.451035+00', 6, 10, true, '2024-10-25'),
	(2, '2024-10-21 17:53:53.060609+00', 6, 15, true, '2024-10-26'),
	(129, '2024-11-18 14:46:11.474317+00', 10, 22, true, '2024-11-25'),
	(130, '2024-11-19 06:28:08.727331+00', 10, 25, true, '2024-11-24'),
	(131, '2024-11-19 06:28:08.727331+00', 10, 25, true, '2024-11-23'),
	(132, '2024-11-19 06:28:36.623303+00', 10, 13, true, '2024-11-21'),
	(134, '2024-11-19 06:28:36.623303+00', 10, 13, true, '2024-11-22'),
	(66, '2024-11-02 04:27:41.602995+00', 7, 42, true, '2024-11-10'),
	(67, '2024-11-02 04:27:41.602995+00', 7, 42, true, '2024-11-11'),
	(68, '2024-11-02 04:27:41.602995+00', 7, 42, true, '2024-11-12'),
	(69, '2024-11-02 04:27:41.602995+00', 7, 42, true, '2024-11-13'),
	(70, '2024-11-02 04:27:41.602995+00', 7, 42, true, '2024-11-14'),
	(71, '2024-11-02 04:27:41.602995+00', 7, 42, true, '2024-11-15'),
	(72, '2024-11-02 04:27:41.602995+00', 7, 42, true, '2024-11-16'),
	(73, '2024-11-02 04:27:41.602995+00', 7, 42, true, '2024-11-17'),
	(74, '2024-11-02 04:27:41.602995+00', 7, 42, true, '2024-11-21'),
	(75, '2024-11-02 04:27:41.602995+00', 7, 42, true, '2024-11-20'),
	(76, '2024-11-02 04:27:41.602995+00', 7, 42, true, '2024-11-19'),
	(77, '2024-11-02 04:27:41.602995+00', 7, 42, true, '2024-11-18'),
	(78, '2024-11-02 04:27:41.602995+00', 7, 42, true, '2024-11-23'),
	(79, '2024-11-02 04:27:41.602995+00', 7, 42, true, '2024-11-24'),
	(80, '2024-11-02 04:27:41.602995+00', 7, 42, true, '2024-11-26'),
	(81, '2024-11-02 04:27:41.602995+00', 7, 42, true, '2024-11-25'),
	(82, '2024-11-02 04:27:41.602995+00', 7, 42, true, '2024-11-27'),
	(83, '2024-11-02 04:27:41.602995+00', 7, 42, true, '2024-11-28'),
	(84, '2024-11-02 04:27:41.602995+00', 7, 42, true, '2024-11-22'),
	(85, '2024-11-02 04:27:41.602995+00', 7, 42, true, '2024-11-29'),
	(86, '2024-11-02 04:27:41.602995+00', 7, 42, true, '2024-11-30'),
	(123, '2024-11-13 19:10:37.533563+00', 10, 14, true, '2024-11-26'),
	(124, '2024-11-13 19:10:37.533563+00', 10, 14, true, '2024-11-27'),
	(125, '2024-11-13 19:10:37.533563+00', 10, 14, true, '2024-11-28'),
	(1, '2024-10-20 11:40:39.915713+00', 12, 20, true, '2024-10-19'),
	(136, '2024-11-28 07:09:11.230408+00', 10, 5, true, '2024-11-30'),
	(137, '2024-11-28 07:09:11.230408+00', 10, 5, true, '2024-11-29');


--
-- Data for Name: spatial_ref_sys; Type: TABLE DATA; Schema: public; Owner: supabase_admin
--



--
-- Name: ads_id_seq; Type: SEQUENCE SET; Schema: public; Owner: postgres
--

SELECT pg_catalog.setval('"public"."ads_id_seq"', 1, false);


--
-- Name: bookings_id_seq; Type: SEQUENCE SET; Schema: public; Owner: postgres
--

SELECT pg_catalog.setval('"public"."bookings_id_seq"', 78, true);


--
-- Name: chats_id_seq; Type: SEQUENCE SET; Schema: public; Owner: postgres
--

SELECT pg_catalog.setval('"public"."chats_id_seq"', 37, true);


--
-- Name: comment_id_seq; Type: SEQUENCE SET; Schema: public; Owner: postgres
--

SELECT pg_catalog.setval('"public"."comment_id_seq"', 109, true);


--
-- Name: comments_id_seq; Type: SEQUENCE SET; Schema: public; Owner: postgres
--

SELECT pg_catalog.setval('"public"."comments_id_seq"', 8, true);


--
-- Name: feedbacks_id_seq; Type: SEQUENCE SET; Schema: public; Owner: postgres
--

SELECT pg_catalog.setval('"public"."feedbacks_id_seq"', 1, false);


--
-- Name: likes_id_seq; Type: SEQUENCE SET; Schema: public; Owner: postgres
--

SELECT pg_catalog.setval('"public"."likes_id_seq"', 92, true);


--
-- Name: listings_reports_id_seq; Type: SEQUENCE SET; Schema: public; Owner: supabase_admin
--

SELECT pg_catalog.setval('"public"."listings_reports_id_seq"', 1, false);


--
-- Name: locales_id_seq; Type: SEQUENCE SET; Schema: public; Owner: postgres
--

SELECT pg_catalog.setval('"public"."locales_id_seq"', 1, false);


--
-- Name: meta_types_id_seq; Type: SEQUENCE SET; Schema: public; Owner: postgres
--

SELECT pg_catalog.setval('"public"."meta_types_id_seq"', 1, false);


--
-- Name: metas_id_seq; Type: SEQUENCE SET; Schema: public; Owner: postgres
--

SELECT pg_catalog.setval('"public"."metas_id_seq"', 5, true);


--
-- Name: news_id_seq; Type: SEQUENCE SET; Schema: public; Owner: postgres
--

SELECT pg_catalog.setval('"public"."news_id_seq"', 1, false);


--
-- Name: notifications_id_seq; Type: SEQUENCE SET; Schema: public; Owner: postgres
--

SELECT pg_catalog.setval('"public"."notifications_id_seq"', 10, true);


--
-- Name: payments_id_seq; Type: SEQUENCE SET; Schema: public; Owner: postgres
--

SELECT pg_catalog.setval('"public"."payments_id_seq"', 1, false);


--
-- Name: placess_id_seq; Type: SEQUENCE SET; Schema: public; Owner: supabase_admin
--



--
-- Name: post_reports_id_seq; Type: SEQUENCE SET; Schema: public; Owner: supabase_admin
--

SELECT pg_catalog.setval('"public"."post_reports_id_seq"', 1, false);


--
-- Name: posts_id_seq; Type: SEQUENCE SET; Schema: public; Owner: postgres
--

SELECT pg_catalog.setval('"public"."posts_id_seq"', 12, true);


--
-- Name: posts_ratings_id_seq; Type: SEQUENCE SET; Schema: public; Owner: supabase_admin
--

SELECT pg_catalog.setval('"public"."posts_ratings_id_seq"', 1, false);


--
-- Name: property_id_seq; Type: SEQUENCE SET; Schema: public; Owner: postgres
--

SELECT pg_catalog.setval('"public"."property_id_seq"', 13, true);


--
-- Name: ratings_id_seq; Type: SEQUENCE SET; Schema: public; Owner: postgres
--

SELECT pg_catalog.setval('"public"."ratings_id_seq"', 2, true);


--
-- Name: reservation_cancel_request_id_seq; Type: SEQUENCE SET; Schema: public; Owner: postgres
--

SELECT pg_catalog.setval('"public"."reservation_cancel_request_id_seq"', 28, true);


--
-- Name: room_availability_id_seq; Type: SEQUENCE SET; Schema: public; Owner: supabase_admin
--

SELECT pg_catalog.setval('"public"."room_availability_id_seq"', 137, true);


--
-- Name: status_id_seq; Type: SEQUENCE SET; Schema: public; Owner: postgres
--

SELECT pg_catalog.setval('"public"."status_id_seq"', 1, false);


--
-- Name: terms_id_seq; Type: SEQUENCE SET; Schema: public; Owner: postgres
--

SELECT pg_catalog.setval('"public"."terms_id_seq"', 1, true);


--
-- Name: variants_id_seq; Type: SEQUENCE SET; Schema: public; Owner: postgres
--

SELECT pg_catalog.setval('"public"."variants_id_seq"', 12, true);


--
-- PostgreSQL database dump complete
--

RESET ALL;
